"Fecha","Code","D","I","L","R","S","Total_I","Estado"
2020-01-23,"AGU",0,0,0,0,NA,0,"AGUASCALIENTES"
2020-01-24,"AGU",0,0,0,0,NA,0,"AGUASCALIENTES"
2020-01-25,"AGU",0,0,0,0,NA,0,"AGUASCALIENTES"
2020-01-26,"AGU",0,0,0,0,NA,0,"AGUASCALIENTES"
2020-01-27,"AGU",0,0,0,0,NA,0,"AGUASCALIENTES"
2020-01-28,"AGU",0,0,0,0,NA,0,"AGUASCALIENTES"
2020-01-29,"AGU",0,0,0,0,NA,0,"AGUASCALIENTES"
2020-01-30,"AGU",0,0,0,0,NA,0,"AGUASCALIENTES"
2020-01-31,"AGU",0,0,0,0,NA,0,"AGUASCALIENTES"
2020-02-01,"AGU",0,0,0,0,NA,0,"AGUASCALIENTES"
2020-02-02,"AGU",0,0,0,0,NA,0,"AGUASCALIENTES"
2020-02-03,"AGU",0,0,0,0,NA,0,"AGUASCALIENTES"
2020-02-04,"AGU",0,0,0,0,NA,0,"AGUASCALIENTES"
2020-02-05,"AGU",0,0,0,0,NA,0,"AGUASCALIENTES"
2020-02-06,"AGU",0,0,0,0,NA,0,"AGUASCALIENTES"
2020-02-07,"AGU",0,0,0,0,NA,0,"AGUASCALIENTES"
2020-02-08,"AGU",0,0,0,0,NA,0,"AGUASCALIENTES"
2020-02-09,"AGU",0,0,0,0,NA,0,"AGUASCALIENTES"
2020-02-10,"AGU",0,0,0,0,NA,0,"AGUASCALIENTES"
2020-02-11,"AGU",0,0,0,0,NA,0,"AGUASCALIENTES"
2020-02-12,"AGU",0,0,0,0,NA,0,"AGUASCALIENTES"
2020-02-13,"AGU",0,0,0,0,NA,0,"AGUASCALIENTES"
2020-02-14,"AGU",0,0,0,0,NA,0,"AGUASCALIENTES"
2020-02-15,"AGU",0,0,0,0,NA,0,"AGUASCALIENTES"
2020-02-16,"AGU",0,0,0,0,NA,0,"AGUASCALIENTES"
2020-02-17,"AGU",0,0,0,0,NA,0,"AGUASCALIENTES"
2020-02-18,"AGU",0,0,0,0,NA,0,"AGUASCALIENTES"
2020-02-19,"AGU",0,0,0,0,NA,0,"AGUASCALIENTES"
2020-02-20,"AGU",0,0,0,0,NA,0,"AGUASCALIENTES"
2020-02-21,"AGU",0,0,0,0,NA,0,"AGUASCALIENTES"
2020-02-22,"AGU",0,0,0,0,NA,0,"AGUASCALIENTES"
2020-02-23,"AGU",0,0,0,0,NA,0,"AGUASCALIENTES"
2020-02-24,"AGU",0,0,0,0,NA,0,"AGUASCALIENTES"
2020-02-25,"AGU",0,0,0,0,NA,0,"AGUASCALIENTES"
2020-02-26,"AGU",0,0,0,0,NA,0,"AGUASCALIENTES"
2020-02-27,"AGU",0,0,0,0,NA,0,"AGUASCALIENTES"
2020-02-28,"AGU",0,0,0,0,NA,0,"AGUASCALIENTES"
2020-02-29,"AGU",0,0,0,0,NA,0,"AGUASCALIENTES"
2020-03-01,"AGU",0,0,0,0,NA,0,"AGUASCALIENTES"
2020-03-02,"AGU",0,0,0,0,NA,0,"AGUASCALIENTES"
2020-03-03,"AGU",0,0,0,0,NA,0,"AGUASCALIENTES"
2020-03-04,"AGU",0,0,0,0,NA,0,"AGUASCALIENTES"
2020-03-05,"AGU",0,0,0,0,NA,0,"AGUASCALIENTES"
2020-03-06,"AGU",0,0,0,0,NA,0,"AGUASCALIENTES"
2020-03-07,"AGU",0,0,0,0,NA,0,"AGUASCALIENTES"
2020-03-08,"AGU",0,0,0,0,NA,0,"AGUASCALIENTES"
2020-03-09,"AGU",0,0,0,0,NA,0,"AGUASCALIENTES"
2020-03-10,"AGU",0,0,0,0,NA,0,"AGUASCALIENTES"
2020-03-11,"AGU",0,0,0,0,NA,0,"AGUASCALIENTES"
2020-03-12,"AGU",0,0,0,0,NA,0,"AGUASCALIENTES"
2020-03-13,"AGU",0,0,0,0,NA,0,"AGUASCALIENTES"
2020-03-14,"AGU",0,0,0,0,1,0,"AGUASCALIENTES"
2020-03-15,"AGU",0,1,0,0,2,1,"AGUASCALIENTES"
2020-03-16,"AGU",0,1,0,0,3,1,"AGUASCALIENTES"
2020-03-17,"AGU",0,1,0,0,8,1,"AGUASCALIENTES"
2020-03-18,"AGU",0,1,0,0,10,1,"AGUASCALIENTES"
2020-03-19,"AGU",0,4,0,0,9,4,"AGUASCALIENTES"
2020-03-20,"AGU",0,4,0,0,17,4,"AGUASCALIENTES"
2020-03-21,"AGU",0,4,0,0,24,4,"AGUASCALIENTES"
2020-03-22,"AGU",0,4,0,0,34,4,"AGUASCALIENTES"
2020-03-23,"AGU",0,6,0,NA,13,6,"AGUASCALIENTES"
2020-03-24,"AGU",0,6,0,NA,37,6,"AGUASCALIENTES"
2020-03-25,"AGU",0,8,4,NA,52,12,"AGUASCALIENTES"
2020-03-26,"AGU",0,8,5,NA,59,13,"AGUASCALIENTES"
2020-03-27,"AGU",0,8,11,NA,65,19,"AGUASCALIENTES"
2020-03-28,"AGU",0,8,11,NA,106,19,"AGUASCALIENTES"
2020-03-29,"AGU",0,11,13,NA,85,24,"AGUASCALIENTES"
2020-03-30,"AGU",0,11,13,NA,74,24,"AGUASCALIENTES"
2020-03-31,"AGU",0,14,22,NA,81,36,"AGUASCALIENTES"
2020-01-23,"BCN",0,0,0,0,NA,0,"BAJA CALIFORNIA"
2020-01-24,"BCN",0,0,0,0,NA,0,"BAJA CALIFORNIA"
2020-01-25,"BCN",0,0,0,0,NA,0,"BAJA CALIFORNIA"
2020-01-26,"BCN",0,0,0,0,NA,0,"BAJA CALIFORNIA"
2020-01-27,"BCN",0,0,0,0,NA,0,"BAJA CALIFORNIA"
2020-01-28,"BCN",0,0,0,0,NA,0,"BAJA CALIFORNIA"
2020-01-29,"BCN",0,0,0,0,NA,0,"BAJA CALIFORNIA"
2020-01-30,"BCN",0,0,0,0,NA,0,"BAJA CALIFORNIA"
2020-01-31,"BCN",0,0,0,0,NA,0,"BAJA CALIFORNIA"
2020-02-01,"BCN",0,0,0,0,NA,0,"BAJA CALIFORNIA"
2020-02-02,"BCN",0,0,0,0,NA,0,"BAJA CALIFORNIA"
2020-02-03,"BCN",0,0,0,0,NA,0,"BAJA CALIFORNIA"
2020-02-04,"BCN",0,0,0,0,NA,0,"BAJA CALIFORNIA"
2020-02-05,"BCN",0,0,0,0,NA,0,"BAJA CALIFORNIA"
2020-02-06,"BCN",0,0,0,0,NA,0,"BAJA CALIFORNIA"
2020-02-07,"BCN",0,0,0,0,NA,0,"BAJA CALIFORNIA"
2020-02-08,"BCN",0,0,0,0,NA,0,"BAJA CALIFORNIA"
2020-02-09,"BCN",0,0,0,0,NA,0,"BAJA CALIFORNIA"
2020-02-10,"BCN",0,0,0,0,NA,0,"BAJA CALIFORNIA"
2020-02-11,"BCN",0,0,0,0,NA,0,"BAJA CALIFORNIA"
2020-02-12,"BCN",0,0,0,0,NA,0,"BAJA CALIFORNIA"
2020-02-13,"BCN",0,0,0,0,NA,0,"BAJA CALIFORNIA"
2020-02-14,"BCN",0,0,0,0,NA,0,"BAJA CALIFORNIA"
2020-02-15,"BCN",0,0,0,0,NA,0,"BAJA CALIFORNIA"
2020-02-16,"BCN",0,0,0,0,NA,0,"BAJA CALIFORNIA"
2020-02-17,"BCN",0,0,0,0,NA,0,"BAJA CALIFORNIA"
2020-02-18,"BCN",0,0,0,0,NA,0,"BAJA CALIFORNIA"
2020-02-19,"BCN",0,0,0,0,NA,0,"BAJA CALIFORNIA"
2020-02-20,"BCN",0,0,0,0,NA,0,"BAJA CALIFORNIA"
2020-02-21,"BCN",0,0,0,0,NA,0,"BAJA CALIFORNIA"
2020-02-22,"BCN",0,0,0,0,NA,0,"BAJA CALIFORNIA"
2020-02-23,"BCN",0,0,0,0,NA,0,"BAJA CALIFORNIA"
2020-02-24,"BCN",0,0,0,0,NA,0,"BAJA CALIFORNIA"
2020-02-25,"BCN",0,0,0,0,NA,0,"BAJA CALIFORNIA"
2020-02-26,"BCN",0,0,0,0,NA,0,"BAJA CALIFORNIA"
2020-02-27,"BCN",0,0,0,0,NA,0,"BAJA CALIFORNIA"
2020-02-28,"BCN",0,0,0,0,NA,0,"BAJA CALIFORNIA"
2020-02-29,"BCN",0,0,0,0,NA,0,"BAJA CALIFORNIA"
2020-03-01,"BCN",0,0,0,0,NA,0,"BAJA CALIFORNIA"
2020-03-02,"BCN",0,0,0,0,NA,0,"BAJA CALIFORNIA"
2020-03-03,"BCN",0,0,0,0,NA,0,"BAJA CALIFORNIA"
2020-03-04,"BCN",0,0,0,0,NA,0,"BAJA CALIFORNIA"
2020-03-05,"BCN",0,0,0,0,NA,0,"BAJA CALIFORNIA"
2020-03-06,"BCN",0,0,0,0,NA,0,"BAJA CALIFORNIA"
2020-03-07,"BCN",0,0,0,0,NA,0,"BAJA CALIFORNIA"
2020-03-08,"BCN",0,0,0,0,NA,0,"BAJA CALIFORNIA"
2020-03-09,"BCN",0,0,0,0,NA,0,"BAJA CALIFORNIA"
2020-03-10,"BCN",0,0,0,0,NA,0,"BAJA CALIFORNIA"
2020-03-11,"BCN",0,0,0,0,NA,0,"BAJA CALIFORNIA"
2020-03-12,"BCN",0,0,0,0,NA,0,"BAJA CALIFORNIA"
2020-03-13,"BCN",0,0,0,0,NA,0,"BAJA CALIFORNIA"
2020-03-14,"BCN",0,0,0,0,11,0,"BAJA CALIFORNIA"
2020-03-15,"BCN",0,0,0,0,10,0,"BAJA CALIFORNIA"
2020-03-16,"BCN",0,0,0,0,15,0,"BAJA CALIFORNIA"
2020-03-17,"BCN",0,0,0,0,16,0,"BAJA CALIFORNIA"
2020-03-18,"BCN",0,1,1,0,25,2,"BAJA CALIFORNIA"
2020-03-19,"BCN",0,1,1,0,35,2,"BAJA CALIFORNIA"
2020-03-20,"BCN",0,2,2,0,45,4,"BAJA CALIFORNIA"
2020-03-21,"BCN",0,5,3,0,36,8,"BAJA CALIFORNIA"
2020-03-22,"BCN",0,7,4,0,36,11,"BAJA CALIFORNIA"
2020-03-23,"BCN",0,8,5,NA,47,13,"BAJA CALIFORNIA"
2020-03-24,"BCN",0,8,5,NA,95,13,"BAJA CALIFORNIA"
2020-03-25,"BCN",0,8,6,NA,116,14,"BAJA CALIFORNIA"
2020-03-26,"BCN",0,11,8,NA,136,19,"BAJA CALIFORNIA"
2020-03-27,"BCN",0,12,8,NA,148,20,"BAJA CALIFORNIA"
2020-03-28,"BCN",0,12,8,NA,140,20,"BAJA CALIFORNIA"
2020-03-29,"BCN",0,13,10,NA,152,23,"BAJA CALIFORNIA"
2020-03-30,"BCN",0,13,14,NA,135,27,"BAJA CALIFORNIA"
2020-03-31,"BCN",0,16,19,NA,174,35,"BAJA CALIFORNIA"
2020-01-23,"BCS",0,0,0,0,NA,0,"BAJA CALIFORNIA SUR"
2020-01-24,"BCS",0,0,0,0,NA,0,"BAJA CALIFORNIA SUR"
2020-01-25,"BCS",0,0,0,0,NA,0,"BAJA CALIFORNIA SUR"
2020-01-26,"BCS",0,0,0,0,NA,0,"BAJA CALIFORNIA SUR"
2020-01-27,"BCS",0,0,0,0,NA,0,"BAJA CALIFORNIA SUR"
2020-01-28,"BCS",0,0,0,0,NA,0,"BAJA CALIFORNIA SUR"
2020-01-29,"BCS",0,0,0,0,NA,0,"BAJA CALIFORNIA SUR"
2020-01-30,"BCS",0,0,0,0,NA,0,"BAJA CALIFORNIA SUR"
2020-01-31,"BCS",0,0,0,0,NA,0,"BAJA CALIFORNIA SUR"
2020-02-01,"BCS",0,0,0,0,NA,0,"BAJA CALIFORNIA SUR"
2020-02-02,"BCS",0,0,0,0,NA,0,"BAJA CALIFORNIA SUR"
2020-02-03,"BCS",0,0,0,0,NA,0,"BAJA CALIFORNIA SUR"
2020-02-04,"BCS",0,0,0,0,NA,0,"BAJA CALIFORNIA SUR"
2020-02-05,"BCS",0,0,0,0,NA,0,"BAJA CALIFORNIA SUR"
2020-02-06,"BCS",0,0,0,0,NA,0,"BAJA CALIFORNIA SUR"
2020-02-07,"BCS",0,0,0,0,NA,0,"BAJA CALIFORNIA SUR"
2020-02-08,"BCS",0,0,0,0,NA,0,"BAJA CALIFORNIA SUR"
2020-02-09,"BCS",0,0,0,0,NA,0,"BAJA CALIFORNIA SUR"
2020-02-10,"BCS",0,0,0,0,NA,0,"BAJA CALIFORNIA SUR"
2020-02-11,"BCS",0,0,0,0,NA,0,"BAJA CALIFORNIA SUR"
2020-02-12,"BCS",0,0,0,0,NA,0,"BAJA CALIFORNIA SUR"
2020-02-13,"BCS",0,0,0,0,NA,0,"BAJA CALIFORNIA SUR"
2020-02-14,"BCS",0,0,0,0,NA,0,"BAJA CALIFORNIA SUR"
2020-02-15,"BCS",0,0,0,0,NA,0,"BAJA CALIFORNIA SUR"
2020-02-16,"BCS",0,0,0,0,NA,0,"BAJA CALIFORNIA SUR"
2020-02-17,"BCS",0,0,0,0,NA,0,"BAJA CALIFORNIA SUR"
2020-02-18,"BCS",0,0,0,0,NA,0,"BAJA CALIFORNIA SUR"
2020-02-19,"BCS",0,0,0,0,NA,0,"BAJA CALIFORNIA SUR"
2020-02-20,"BCS",0,0,0,0,NA,0,"BAJA CALIFORNIA SUR"
2020-02-21,"BCS",0,0,0,0,NA,0,"BAJA CALIFORNIA SUR"
2020-02-22,"BCS",0,0,0,0,NA,0,"BAJA CALIFORNIA SUR"
2020-02-23,"BCS",0,0,0,0,NA,0,"BAJA CALIFORNIA SUR"
2020-02-24,"BCS",0,0,0,0,NA,0,"BAJA CALIFORNIA SUR"
2020-02-25,"BCS",0,0,0,0,NA,0,"BAJA CALIFORNIA SUR"
2020-02-26,"BCS",0,0,0,0,NA,0,"BAJA CALIFORNIA SUR"
2020-02-27,"BCS",0,0,0,0,NA,0,"BAJA CALIFORNIA SUR"
2020-02-28,"BCS",0,0,0,0,NA,0,"BAJA CALIFORNIA SUR"
2020-02-29,"BCS",0,0,0,0,NA,0,"BAJA CALIFORNIA SUR"
2020-03-01,"BCS",0,0,0,0,NA,0,"BAJA CALIFORNIA SUR"
2020-03-02,"BCS",0,0,0,0,NA,0,"BAJA CALIFORNIA SUR"
2020-03-03,"BCS",0,0,0,0,NA,0,"BAJA CALIFORNIA SUR"
2020-03-04,"BCS",0,0,0,0,NA,0,"BAJA CALIFORNIA SUR"
2020-03-05,"BCS",0,0,0,0,NA,0,"BAJA CALIFORNIA SUR"
2020-03-06,"BCS",0,0,0,0,NA,0,"BAJA CALIFORNIA SUR"
2020-03-07,"BCS",0,0,0,0,NA,0,"BAJA CALIFORNIA SUR"
2020-03-08,"BCS",0,0,0,0,NA,0,"BAJA CALIFORNIA SUR"
2020-03-09,"BCS",0,0,0,0,NA,0,"BAJA CALIFORNIA SUR"
2020-03-10,"BCS",0,0,0,0,NA,0,"BAJA CALIFORNIA SUR"
2020-03-11,"BCS",0,0,0,0,NA,0,"BAJA CALIFORNIA SUR"
2020-03-12,"BCS",0,0,0,0,NA,0,"BAJA CALIFORNIA SUR"
2020-03-13,"BCS",0,0,0,0,NA,0,"BAJA CALIFORNIA SUR"
2020-03-14,"BCS",0,0,0,0,7,0,"BAJA CALIFORNIA SUR"
2020-03-15,"BCS",0,0,0,0,4,0,"BAJA CALIFORNIA SUR"
2020-03-16,"BCS",0,0,0,0,0,0,"BAJA CALIFORNIA SUR"
2020-03-17,"BCS",0,0,0,0,0,0,"BAJA CALIFORNIA SUR"
2020-03-18,"BCS",0,0,0,0,0,0,"BAJA CALIFORNIA SUR"
2020-03-19,"BCS",0,0,0,0,6,0,"BAJA CALIFORNIA SUR"
2020-03-20,"BCS",0,0,0,0,3,0,"BAJA CALIFORNIA SUR"
2020-03-21,"BCS",0,1,0,0,8,1,"BAJA CALIFORNIA SUR"
2020-03-22,"BCS",0,1,0,0,13,1,"BAJA CALIFORNIA SUR"
2020-03-23,"BCS",0,1,1,NA,5,2,"BAJA CALIFORNIA SUR"
2020-03-24,"BCS",0,1,1,NA,20,2,"BAJA CALIFORNIA SUR"
2020-03-25,"BCS",0,2,3,NA,15,5,"BAJA CALIFORNIA SUR"
2020-03-26,"BCS",0,4,3,NA,20,7,"BAJA CALIFORNIA SUR"
2020-03-27,"BCS",0,4,5,NA,19,9,"BAJA CALIFORNIA SUR"
2020-03-28,"BCS",0,4,5,NA,31,9,"BAJA CALIFORNIA SUR"
2020-03-29,"BCS",0,5,6,NA,30,11,"BAJA CALIFORNIA SUR"
2020-03-30,"BCS",0,5,8,NA,24,13,"BAJA CALIFORNIA SUR"
2020-03-31,"BCS",0,5,12,NA,35,17,"BAJA CALIFORNIA SUR"
2020-01-23,"CAM",0,0,0,0,NA,0,"CAMPECHE"
2020-01-24,"CAM",0,0,0,0,NA,0,"CAMPECHE"
2020-01-25,"CAM",0,0,0,0,NA,0,"CAMPECHE"
2020-01-26,"CAM",0,0,0,0,NA,0,"CAMPECHE"
2020-01-27,"CAM",0,0,0,0,NA,0,"CAMPECHE"
2020-01-28,"CAM",0,0,0,0,NA,0,"CAMPECHE"
2020-01-29,"CAM",0,0,0,0,NA,0,"CAMPECHE"
2020-01-30,"CAM",0,0,0,0,NA,0,"CAMPECHE"
2020-01-31,"CAM",0,0,0,0,NA,0,"CAMPECHE"
2020-02-01,"CAM",0,0,0,0,NA,0,"CAMPECHE"
2020-02-02,"CAM",0,0,0,0,NA,0,"CAMPECHE"
2020-02-03,"CAM",0,0,0,0,NA,0,"CAMPECHE"
2020-02-04,"CAM",0,0,0,0,NA,0,"CAMPECHE"
2020-02-05,"CAM",0,0,0,0,NA,0,"CAMPECHE"
2020-02-06,"CAM",0,0,0,0,NA,0,"CAMPECHE"
2020-02-07,"CAM",0,0,0,0,NA,0,"CAMPECHE"
2020-02-08,"CAM",0,0,0,0,NA,0,"CAMPECHE"
2020-02-09,"CAM",0,0,0,0,NA,0,"CAMPECHE"
2020-02-10,"CAM",0,0,0,0,NA,0,"CAMPECHE"
2020-02-11,"CAM",0,0,0,0,NA,0,"CAMPECHE"
2020-02-12,"CAM",0,0,0,0,NA,0,"CAMPECHE"
2020-02-13,"CAM",0,0,0,0,NA,0,"CAMPECHE"
2020-02-14,"CAM",0,0,0,0,NA,0,"CAMPECHE"
2020-02-15,"CAM",0,0,0,0,NA,0,"CAMPECHE"
2020-02-16,"CAM",0,0,0,0,NA,0,"CAMPECHE"
2020-02-17,"CAM",0,0,0,0,NA,0,"CAMPECHE"
2020-02-18,"CAM",0,0,0,0,NA,0,"CAMPECHE"
2020-02-19,"CAM",0,0,0,0,NA,0,"CAMPECHE"
2020-02-20,"CAM",0,0,0,0,NA,0,"CAMPECHE"
2020-02-21,"CAM",0,0,0,0,NA,0,"CAMPECHE"
2020-02-22,"CAM",0,0,0,0,NA,0,"CAMPECHE"
2020-02-23,"CAM",0,0,0,0,NA,0,"CAMPECHE"
2020-02-24,"CAM",0,0,0,0,NA,0,"CAMPECHE"
2020-02-25,"CAM",0,0,0,0,NA,0,"CAMPECHE"
2020-02-26,"CAM",0,0,0,0,NA,0,"CAMPECHE"
2020-02-27,"CAM",0,0,0,0,NA,0,"CAMPECHE"
2020-02-28,"CAM",0,0,0,0,NA,0,"CAMPECHE"
2020-02-29,"CAM",0,0,0,0,NA,0,"CAMPECHE"
2020-03-01,"CAM",0,0,0,0,NA,0,"CAMPECHE"
2020-03-02,"CAM",0,0,0,0,NA,0,"CAMPECHE"
2020-03-03,"CAM",0,0,0,0,NA,0,"CAMPECHE"
2020-03-04,"CAM",0,0,0,0,NA,0,"CAMPECHE"
2020-03-05,"CAM",0,0,0,0,NA,0,"CAMPECHE"
2020-03-06,"CAM",0,0,0,0,NA,0,"CAMPECHE"
2020-03-07,"CAM",0,0,0,0,NA,0,"CAMPECHE"
2020-03-08,"CAM",0,0,0,0,NA,0,"CAMPECHE"
2020-03-09,"CAM",0,0,0,0,NA,0,"CAMPECHE"
2020-03-10,"CAM",0,0,0,0,NA,0,"CAMPECHE"
2020-03-11,"CAM",0,0,0,0,NA,0,"CAMPECHE"
2020-03-12,"CAM",0,0,0,0,NA,0,"CAMPECHE"
2020-03-13,"CAM",0,0,0,0,NA,0,"CAMPECHE"
2020-03-14,"CAM",0,0,0,0,0,0,"CAMPECHE"
2020-03-15,"CAM",0,0,0,0,0,0,"CAMPECHE"
2020-03-16,"CAM",0,0,0,0,1,0,"CAMPECHE"
2020-03-17,"CAM",0,0,0,0,0,0,"CAMPECHE"
2020-03-18,"CAM",0,0,0,0,1,0,"CAMPECHE"
2020-03-19,"CAM",0,0,0,0,2,0,"CAMPECHE"
2020-03-20,"CAM",0,0,0,0,2,0,"CAMPECHE"
2020-03-21,"CAM",0,0,0,0,3,0,"CAMPECHE"
2020-03-22,"CAM",0,1,0,0,3,1,"CAMPECHE"
2020-03-23,"CAM",0,2,0,NA,4,2,"CAMPECHE"
2020-03-24,"CAM",0,2,0,NA,1,2,"CAMPECHE"
2020-03-25,"CAM",0,2,0,NA,2,2,"CAMPECHE"
2020-03-26,"CAM",0,2,0,NA,3,2,"CAMPECHE"
2020-03-27,"CAM",0,2,0,NA,6,2,"CAMPECHE"
2020-03-28,"CAM",0,3,0,NA,8,3,"CAMPECHE"
2020-03-29,"CAM",0,3,0,NA,8,3,"CAMPECHE"
2020-03-30,"CAM",0,3,0,NA,11,3,"CAMPECHE"
2020-03-31,"CAM",0,3,2,NA,2,5,"CAMPECHE"
2020-01-23,"CHH",0,0,0,0,NA,0,"CHIHUAHUA"
2020-01-24,"CHH",0,0,0,0,NA,0,"CHIHUAHUA"
2020-01-25,"CHH",0,0,0,0,NA,0,"CHIHUAHUA"
2020-01-26,"CHH",0,0,0,0,NA,0,"CHIHUAHUA"
2020-01-27,"CHH",0,0,0,0,NA,0,"CHIHUAHUA"
2020-01-28,"CHH",0,0,0,0,NA,0,"CHIHUAHUA"
2020-01-29,"CHH",0,0,0,0,NA,0,"CHIHUAHUA"
2020-01-30,"CHH",0,0,0,0,NA,0,"CHIHUAHUA"
2020-01-31,"CHH",0,0,0,0,NA,0,"CHIHUAHUA"
2020-02-01,"CHH",0,0,0,0,NA,0,"CHIHUAHUA"
2020-02-02,"CHH",0,0,0,0,NA,0,"CHIHUAHUA"
2020-02-03,"CHH",0,0,0,0,NA,0,"CHIHUAHUA"
2020-02-04,"CHH",0,0,0,0,NA,0,"CHIHUAHUA"
2020-02-05,"CHH",0,0,0,0,NA,0,"CHIHUAHUA"
2020-02-06,"CHH",0,0,0,0,NA,0,"CHIHUAHUA"
2020-02-07,"CHH",0,0,0,0,NA,0,"CHIHUAHUA"
2020-02-08,"CHH",0,0,0,0,NA,0,"CHIHUAHUA"
2020-02-09,"CHH",0,0,0,0,NA,0,"CHIHUAHUA"
2020-02-10,"CHH",0,0,0,0,NA,0,"CHIHUAHUA"
2020-02-11,"CHH",0,0,0,0,NA,0,"CHIHUAHUA"
2020-02-12,"CHH",0,0,0,0,NA,0,"CHIHUAHUA"
2020-02-13,"CHH",0,0,0,0,NA,0,"CHIHUAHUA"
2020-02-14,"CHH",0,0,0,0,NA,0,"CHIHUAHUA"
2020-02-15,"CHH",0,0,0,0,NA,0,"CHIHUAHUA"
2020-02-16,"CHH",0,0,0,0,NA,0,"CHIHUAHUA"
2020-02-17,"CHH",0,0,0,0,NA,0,"CHIHUAHUA"
2020-02-18,"CHH",0,0,0,0,NA,0,"CHIHUAHUA"
2020-02-19,"CHH",0,0,0,0,NA,0,"CHIHUAHUA"
2020-02-20,"CHH",0,0,0,0,NA,0,"CHIHUAHUA"
2020-02-21,"CHH",0,0,0,0,NA,0,"CHIHUAHUA"
2020-02-22,"CHH",0,0,0,0,NA,0,"CHIHUAHUA"
2020-02-23,"CHH",0,0,0,0,NA,0,"CHIHUAHUA"
2020-02-24,"CHH",0,0,0,0,NA,0,"CHIHUAHUA"
2020-02-25,"CHH",0,0,0,0,NA,0,"CHIHUAHUA"
2020-02-26,"CHH",0,0,0,0,NA,0,"CHIHUAHUA"
2020-02-27,"CHH",0,0,0,0,NA,0,"CHIHUAHUA"
2020-02-28,"CHH",0,0,0,0,NA,0,"CHIHUAHUA"
2020-02-29,"CHH",0,0,0,0,NA,0,"CHIHUAHUA"
2020-03-01,"CHH",0,0,0,0,NA,0,"CHIHUAHUA"
2020-03-02,"CHH",0,0,0,0,NA,0,"CHIHUAHUA"
2020-03-03,"CHH",0,0,0,0,NA,0,"CHIHUAHUA"
2020-03-04,"CHH",0,0,0,0,NA,0,"CHIHUAHUA"
2020-03-05,"CHH",0,0,0,0,NA,0,"CHIHUAHUA"
2020-03-06,"CHH",0,0,0,0,NA,0,"CHIHUAHUA"
2020-03-07,"CHH",0,0,0,0,NA,0,"CHIHUAHUA"
2020-03-08,"CHH",0,0,0,0,NA,0,"CHIHUAHUA"
2020-03-09,"CHH",0,0,0,0,NA,0,"CHIHUAHUA"
2020-03-10,"CHH",0,0,0,0,NA,0,"CHIHUAHUA"
2020-03-11,"CHH",0,0,0,0,NA,0,"CHIHUAHUA"
2020-03-12,"CHH",0,0,0,0,NA,0,"CHIHUAHUA"
2020-03-13,"CHH",0,0,0,0,NA,0,"CHIHUAHUA"
2020-03-14,"CHH",0,0,0,0,0,0,"CHIHUAHUA"
2020-03-15,"CHH",0,0,0,0,1,0,"CHIHUAHUA"
2020-03-16,"CHH",0,0,0,0,2,0,"CHIHUAHUA"
2020-03-17,"CHH",0,1,0,0,2,1,"CHIHUAHUA"
2020-03-18,"CHH",0,1,0,0,1,1,"CHIHUAHUA"
2020-03-19,"CHH",0,1,0,0,3,1,"CHIHUAHUA"
2020-03-20,"CHH",0,2,0,0,6,2,"CHIHUAHUA"
2020-03-21,"CHH",0,2,0,0,6,2,"CHIHUAHUA"
2020-03-22,"CHH",0,5,0,0,4,5,"CHIHUAHUA"
2020-03-23,"CHH",0,5,0,NA,7,5,"CHIHUAHUA"
2020-03-24,"CHH",0,6,0,NA,6,6,"CHIHUAHUA"
2020-03-25,"CHH",0,6,0,NA,8,6,"CHIHUAHUA"
2020-03-26,"CHH",0,6,0,NA,5,6,"CHIHUAHUA"
2020-03-27,"CHH",0,6,0,NA,14,6,"CHIHUAHUA"
2020-03-28,"CHH",0,6,0,NA,16,6,"CHIHUAHUA"
2020-03-29,"CHH",0,6,0,NA,16,6,"CHIHUAHUA"
2020-03-30,"CHH",0,6,0,NA,21,6,"CHIHUAHUA"
2020-03-31,"CHH",0,6,1,NA,16,7,"CHIHUAHUA"
2020-01-23,"CHP",0,0,0,0,NA,0,"CHIAPAS"
2020-01-24,"CHP",0,0,0,0,NA,0,"CHIAPAS"
2020-01-25,"CHP",0,0,0,0,NA,0,"CHIAPAS"
2020-01-26,"CHP",0,0,0,0,NA,0,"CHIAPAS"
2020-01-27,"CHP",0,0,0,0,NA,0,"CHIAPAS"
2020-01-28,"CHP",0,0,0,0,NA,0,"CHIAPAS"
2020-01-29,"CHP",0,0,0,0,NA,0,"CHIAPAS"
2020-01-30,"CHP",0,0,0,0,NA,0,"CHIAPAS"
2020-01-31,"CHP",0,0,0,0,NA,0,"CHIAPAS"
2020-02-01,"CHP",0,0,0,0,NA,0,"CHIAPAS"
2020-02-02,"CHP",0,0,0,0,NA,0,"CHIAPAS"
2020-02-03,"CHP",0,0,0,0,NA,0,"CHIAPAS"
2020-02-04,"CHP",0,0,0,0,NA,0,"CHIAPAS"
2020-02-05,"CHP",0,0,0,0,NA,0,"CHIAPAS"
2020-02-06,"CHP",0,0,0,0,NA,0,"CHIAPAS"
2020-02-07,"CHP",0,0,0,0,NA,0,"CHIAPAS"
2020-02-08,"CHP",0,0,0,0,NA,0,"CHIAPAS"
2020-02-09,"CHP",0,0,0,0,NA,0,"CHIAPAS"
2020-02-10,"CHP",0,0,0,0,NA,0,"CHIAPAS"
2020-02-11,"CHP",0,0,0,0,NA,0,"CHIAPAS"
2020-02-12,"CHP",0,0,0,0,NA,0,"CHIAPAS"
2020-02-13,"CHP",0,0,0,0,NA,0,"CHIAPAS"
2020-02-14,"CHP",0,0,0,0,NA,0,"CHIAPAS"
2020-02-15,"CHP",0,0,0,0,NA,0,"CHIAPAS"
2020-02-16,"CHP",0,0,0,0,NA,0,"CHIAPAS"
2020-02-17,"CHP",0,0,0,0,NA,0,"CHIAPAS"
2020-02-18,"CHP",0,0,0,0,NA,0,"CHIAPAS"
2020-02-19,"CHP",0,0,0,0,NA,0,"CHIAPAS"
2020-02-20,"CHP",0,0,0,0,NA,0,"CHIAPAS"
2020-02-21,"CHP",0,0,0,0,NA,0,"CHIAPAS"
2020-02-22,"CHP",0,0,0,0,NA,0,"CHIAPAS"
2020-02-23,"CHP",0,0,0,0,NA,0,"CHIAPAS"
2020-02-24,"CHP",0,0,0,0,NA,0,"CHIAPAS"
2020-02-25,"CHP",0,0,0,0,NA,0,"CHIAPAS"
2020-02-26,"CHP",0,0,0,0,NA,0,"CHIAPAS"
2020-02-27,"CHP",0,0,0,0,NA,0,"CHIAPAS"
2020-02-28,"CHP",0,0,0,0,NA,0,"CHIAPAS"
2020-02-29,"CHP",0,0,0,0,NA,0,"CHIAPAS"
2020-03-01,"CHP",0,1,0,0,NA,1,"CHIAPAS"
2020-03-02,"CHP",0,1,0,0,NA,1,"CHIAPAS"
2020-03-03,"CHP",0,1,0,0,NA,1,"CHIAPAS"
2020-03-04,"CHP",0,1,0,0,NA,1,"CHIAPAS"
2020-03-05,"CHP",0,1,0,0,NA,1,"CHIAPAS"
2020-03-06,"CHP",0,1,0,0,NA,1,"CHIAPAS"
2020-03-07,"CHP",0,1,0,0,NA,1,"CHIAPAS"
2020-03-08,"CHP",0,1,0,0,NA,1,"CHIAPAS"
2020-03-09,"CHP",0,1,0,0,NA,1,"CHIAPAS"
2020-03-10,"CHP",0,1,0,0,NA,1,"CHIAPAS"
2020-03-11,"CHP",0,1,0,0,NA,1,"CHIAPAS"
2020-03-12,"CHP",0,1,0,0,NA,1,"CHIAPAS"
2020-03-13,"CHP",0,1,0,0,NA,1,"CHIAPAS"
2020-03-14,"CHP",0,1,0,0,1,1,"CHIAPAS"
2020-03-15,"CHP",0,1,0,0,4,1,"CHIAPAS"
2020-03-16,"CHP",0,1,0,0,0,1,"CHIAPAS"
2020-03-17,"CHP",0,1,0,0,2,1,"CHIAPAS"
2020-03-18,"CHP",0,1,0,0,0,1,"CHIAPAS"
2020-03-19,"CHP",0,2,0,0,0,2,"CHIAPAS"
2020-03-20,"CHP",0,2,0,0,1,2,"CHIAPAS"
2020-03-21,"CHP",0,2,0,0,2,2,"CHIAPAS"
2020-03-22,"CHP",0,2,0,0,6,2,"CHIAPAS"
2020-03-23,"CHP",0,2,0,NA,1,2,"CHIAPAS"
2020-03-24,"CHP",0,2,0,NA,6,2,"CHIAPAS"
2020-03-25,"CHP",0,3,1,NA,10,4,"CHIAPAS"
2020-03-26,"CHP",0,3,1,NA,16,4,"CHIAPAS"
2020-03-27,"CHP",0,5,2,NA,18,7,"CHIAPAS"
2020-03-28,"CHP",0,4,2,NA,36,6,"CHIAPAS"
2020-03-29,"CHP",0,6,4,NA,31,10,"CHIAPAS"
2020-03-30,"CHP",0,6,5,NA,24,11,"CHIAPAS"
2020-03-31,"CHP",0,6,7,NA,31,13,"CHIAPAS"
2020-01-23,"CMX",0,0,0,0,NA,0,"CIUDAD DE MEXICO"
2020-01-24,"CMX",0,0,0,0,NA,0,"CIUDAD DE MEXICO"
2020-01-25,"CMX",0,0,0,0,NA,0,"CIUDAD DE MEXICO"
2020-01-26,"CMX",0,0,0,0,NA,0,"CIUDAD DE MEXICO"
2020-01-27,"CMX",0,0,0,0,NA,0,"CIUDAD DE MEXICO"
2020-01-28,"CMX",0,0,0,0,NA,0,"CIUDAD DE MEXICO"
2020-01-29,"CMX",0,0,0,0,NA,0,"CIUDAD DE MEXICO"
2020-01-30,"CMX",0,0,0,0,NA,0,"CIUDAD DE MEXICO"
2020-01-31,"CMX",0,0,0,0,NA,0,"CIUDAD DE MEXICO"
2020-02-01,"CMX",0,0,0,0,NA,0,"CIUDAD DE MEXICO"
2020-02-02,"CMX",0,0,0,0,NA,0,"CIUDAD DE MEXICO"
2020-02-03,"CMX",0,0,0,0,NA,0,"CIUDAD DE MEXICO"
2020-02-04,"CMX",0,0,0,0,NA,0,"CIUDAD DE MEXICO"
2020-02-05,"CMX",0,0,0,0,NA,0,"CIUDAD DE MEXICO"
2020-02-06,"CMX",0,0,0,0,NA,0,"CIUDAD DE MEXICO"
2020-02-07,"CMX",0,0,0,0,NA,0,"CIUDAD DE MEXICO"
2020-02-08,"CMX",0,0,0,0,NA,0,"CIUDAD DE MEXICO"
2020-02-09,"CMX",0,0,0,0,NA,0,"CIUDAD DE MEXICO"
2020-02-10,"CMX",0,0,0,0,NA,0,"CIUDAD DE MEXICO"
2020-02-11,"CMX",0,0,0,0,NA,0,"CIUDAD DE MEXICO"
2020-02-12,"CMX",0,0,0,0,NA,0,"CIUDAD DE MEXICO"
2020-02-13,"CMX",0,0,0,0,NA,0,"CIUDAD DE MEXICO"
2020-02-14,"CMX",0,0,0,0,NA,0,"CIUDAD DE MEXICO"
2020-02-15,"CMX",0,0,0,0,NA,0,"CIUDAD DE MEXICO"
2020-02-16,"CMX",0,0,0,0,NA,0,"CIUDAD DE MEXICO"
2020-02-17,"CMX",0,0,0,0,NA,0,"CIUDAD DE MEXICO"
2020-02-18,"CMX",0,0,0,0,NA,0,"CIUDAD DE MEXICO"
2020-02-19,"CMX",0,0,0,0,NA,0,"CIUDAD DE MEXICO"
2020-02-20,"CMX",0,0,0,0,NA,0,"CIUDAD DE MEXICO"
2020-02-21,"CMX",0,0,0,0,NA,0,"CIUDAD DE MEXICO"
2020-02-22,"CMX",0,0,0,0,NA,0,"CIUDAD DE MEXICO"
2020-02-23,"CMX",0,0,0,0,NA,0,"CIUDAD DE MEXICO"
2020-02-24,"CMX",0,0,0,0,NA,0,"CIUDAD DE MEXICO"
2020-02-25,"CMX",0,0,0,0,NA,0,"CIUDAD DE MEXICO"
2020-02-26,"CMX",0,0,0,0,NA,0,"CIUDAD DE MEXICO"
2020-02-27,"CMX",0,0,0,0,NA,0,"CIUDAD DE MEXICO"
2020-02-28,"CMX",0,2,0,0,NA,2,"CIUDAD DE MEXICO"
2020-02-29,"CMX",0,2,0,0,NA,2,"CIUDAD DE MEXICO"
2020-03-01,"CMX",0,2,0,0,NA,2,"CIUDAD DE MEXICO"
2020-03-02,"CMX",0,2,0,0,NA,2,"CIUDAD DE MEXICO"
2020-03-03,"CMX",0,2,0,0,NA,2,"CIUDAD DE MEXICO"
2020-03-04,"CMX",0,2,0,0,NA,2,"CIUDAD DE MEXICO"
2020-03-05,"CMX",0,2,0,0,NA,2,"CIUDAD DE MEXICO"
2020-03-06,"CMX",0,2,0,0,NA,2,"CIUDAD DE MEXICO"
2020-03-07,"CMX",0,3,0,0,NA,3,"CIUDAD DE MEXICO"
2020-03-08,"CMX",0,3,0,0,NA,3,"CIUDAD DE MEXICO"
2020-03-09,"CMX",0,3,0,0,NA,3,"CIUDAD DE MEXICO"
2020-03-10,"CMX",0,3,0,0,NA,3,"CIUDAD DE MEXICO"
2020-03-11,"CMX",0,5,0,0,NA,5,"CIUDAD DE MEXICO"
2020-03-12,"CMX",0,5,0,0,NA,5,"CIUDAD DE MEXICO"
2020-03-13,"CMX",0,10,1,0,NA,11,"CIUDAD DE MEXICO"
2020-03-14,"CMX",0,15,2,0,36,17,"CIUDAD DE MEXICO"
2020-03-15,"CMX",0,16,2,0,42,18,"CIUDAD DE MEXICO"
2020-03-16,"CMX",0,18,3,0,42,21,"CIUDAD DE MEXICO"
2020-03-17,"CMX",0,18,3,0,58,21,"CIUDAD DE MEXICO"
2020-03-18,"CMX",0,20,4,0,80,24,"CIUDAD DE MEXICO"
2020-03-19,"CMX",1,25,6,0,82,31,"CIUDAD DE MEXICO"
2020-03-20,"CMX",1,25,6,0,121,31,"CIUDAD DE MEXICO"
2020-03-21,"CMX",1,29,16,0,93,45,"CIUDAD DE MEXICO"
2020-03-22,"CMX",1,36,20,0,140,56,"CIUDAD DE MEXICO"
2020-03-23,"CMX",2,37,23,NA,186,60,"CIUDAD DE MEXICO"
2020-03-24,"CMX",3,39,27,NA,231,66,"CIUDAD DE MEXICO"
2020-03-25,"CMX",3,46,36,NA,238,82,"CIUDAD DE MEXICO"
2020-03-26,"CMX",3,47,36,NA,401,83,"CIUDAD DE MEXICO"
2020-03-27,"CMX",5,55,52,NA,505,107,"CIUDAD DE MEXICO"
2020-03-28,"CMX",7,96,81,NA,398,177,"CIUDAD DE MEXICO"
2020-03-29,"CMX",7,100,96,NA,332,196,"CIUDAD DE MEXICO"
2020-03-30,"CMX",8,103,102,NA,434,205,"CIUDAD DE MEXICO"
2020-03-31,"CMX",8,119,115,NA,517,234,"CIUDAD DE MEXICO"
2020-01-23,"COA",0,0,0,0,NA,0,"COAHUILA"
2020-01-24,"COA",0,0,0,0,NA,0,"COAHUILA"
2020-01-25,"COA",0,0,0,0,NA,0,"COAHUILA"
2020-01-26,"COA",0,0,0,0,NA,0,"COAHUILA"
2020-01-27,"COA",0,0,0,0,NA,0,"COAHUILA"
2020-01-28,"COA",0,0,0,0,NA,0,"COAHUILA"
2020-01-29,"COA",0,0,0,0,NA,0,"COAHUILA"
2020-01-30,"COA",0,0,0,0,NA,0,"COAHUILA"
2020-01-31,"COA",0,0,0,0,NA,0,"COAHUILA"
2020-02-01,"COA",0,0,0,0,NA,0,"COAHUILA"
2020-02-02,"COA",0,0,0,0,NA,0,"COAHUILA"
2020-02-03,"COA",0,0,0,0,NA,0,"COAHUILA"
2020-02-04,"COA",0,0,0,0,NA,0,"COAHUILA"
2020-02-05,"COA",0,0,0,0,NA,0,"COAHUILA"
2020-02-06,"COA",0,0,0,0,NA,0,"COAHUILA"
2020-02-07,"COA",0,0,0,0,NA,0,"COAHUILA"
2020-02-08,"COA",0,0,0,0,NA,0,"COAHUILA"
2020-02-09,"COA",0,0,0,0,NA,0,"COAHUILA"
2020-02-10,"COA",0,0,0,0,NA,0,"COAHUILA"
2020-02-11,"COA",0,0,0,0,NA,0,"COAHUILA"
2020-02-12,"COA",0,0,0,0,NA,0,"COAHUILA"
2020-02-13,"COA",0,0,0,0,NA,0,"COAHUILA"
2020-02-14,"COA",0,0,0,0,NA,0,"COAHUILA"
2020-02-15,"COA",0,0,0,0,NA,0,"COAHUILA"
2020-02-16,"COA",0,0,0,0,NA,0,"COAHUILA"
2020-02-17,"COA",0,0,0,0,NA,0,"COAHUILA"
2020-02-18,"COA",0,0,0,0,NA,0,"COAHUILA"
2020-02-19,"COA",0,0,0,0,NA,0,"COAHUILA"
2020-02-20,"COA",0,0,0,0,NA,0,"COAHUILA"
2020-02-21,"COA",0,0,0,0,NA,0,"COAHUILA"
2020-02-22,"COA",0,0,0,0,NA,0,"COAHUILA"
2020-02-23,"COA",0,0,0,0,NA,0,"COAHUILA"
2020-02-24,"COA",0,0,0,0,NA,0,"COAHUILA"
2020-02-25,"COA",0,0,0,0,NA,0,"COAHUILA"
2020-02-26,"COA",0,0,0,0,NA,0,"COAHUILA"
2020-02-27,"COA",0,0,0,0,NA,0,"COAHUILA"
2020-02-28,"COA",0,0,0,0,NA,0,"COAHUILA"
2020-02-29,"COA",0,1,0,0,NA,1,"COAHUILA"
2020-03-01,"COA",0,1,0,0,NA,1,"COAHUILA"
2020-03-02,"COA",0,1,0,0,NA,1,"COAHUILA"
2020-03-03,"COA",0,1,0,0,NA,1,"COAHUILA"
2020-03-04,"COA",0,1,0,0,NA,1,"COAHUILA"
2020-03-05,"COA",0,1,0,0,NA,1,"COAHUILA"
2020-03-06,"COA",0,1,0,0,NA,1,"COAHUILA"
2020-03-07,"COA",0,1,0,0,NA,1,"COAHUILA"
2020-03-08,"COA",0,1,0,0,NA,1,"COAHUILA"
2020-03-09,"COA",0,1,0,0,NA,1,"COAHUILA"
2020-03-10,"COA",0,1,0,0,NA,1,"COAHUILA"
2020-03-11,"COA",0,1,0,0,NA,1,"COAHUILA"
2020-03-12,"COA",0,1,0,0,NA,1,"COAHUILA"
2020-03-13,"COA",0,1,0,0,NA,1,"COAHUILA"
2020-03-14,"COA",0,1,0,0,1,1,"COAHUILA"
2020-03-15,"COA",0,1,0,1,5,1,"COAHUILA"
2020-03-16,"COA",0,1,0,1,1,1,"COAHUILA"
2020-03-17,"COA",0,1,0,1,5,1,"COAHUILA"
2020-03-18,"COA",0,1,0,1,10,1,"COAHUILA"
2020-03-19,"COA",0,1,0,1,13,1,"COAHUILA"
2020-03-20,"COA",0,1,0,1,17,1,"COAHUILA"
2020-03-21,"COA",0,3,0,1,23,3,"COAHUILA"
2020-03-22,"COA",0,10,0,1,21,10,"COAHUILA"
2020-03-23,"COA",0,12,0,NA,14,12,"COAHUILA"
2020-03-24,"COA",0,12,0,NA,35,12,"COAHUILA"
2020-03-25,"COA",0,12,0,NA,34,12,"COAHUILA"
2020-03-26,"COA",0,12,1,NA,54,13,"COAHUILA"
2020-03-27,"COA",0,12,2,NA,62,14,"COAHUILA"
2020-03-28,"COA",0,12,3,NA,86,15,"COAHUILA"
2020-03-29,"COA",1,12,20,NA,61,32,"COAHUILA"
2020-03-30,"COA",1,13,26,NA,116,39,"COAHUILA"
2020-03-31,"COA",1,13,31,NA,140,44,"COAHUILA"
2020-01-23,"COL",0,0,0,0,NA,0,"COLIMA"
2020-01-24,"COL",0,0,0,0,NA,0,"COLIMA"
2020-01-25,"COL",0,0,0,0,NA,0,"COLIMA"
2020-01-26,"COL",0,0,0,0,NA,0,"COLIMA"
2020-01-27,"COL",0,0,0,0,NA,0,"COLIMA"
2020-01-28,"COL",0,0,0,0,NA,0,"COLIMA"
2020-01-29,"COL",0,0,0,0,NA,0,"COLIMA"
2020-01-30,"COL",0,0,0,0,NA,0,"COLIMA"
2020-01-31,"COL",0,0,0,0,NA,0,"COLIMA"
2020-02-01,"COL",0,0,0,0,NA,0,"COLIMA"
2020-02-02,"COL",0,0,0,0,NA,0,"COLIMA"
2020-02-03,"COL",0,0,0,0,NA,0,"COLIMA"
2020-02-04,"COL",0,0,0,0,NA,0,"COLIMA"
2020-02-05,"COL",0,0,0,0,NA,0,"COLIMA"
2020-02-06,"COL",0,0,0,0,NA,0,"COLIMA"
2020-02-07,"COL",0,0,0,0,NA,0,"COLIMA"
2020-02-08,"COL",0,0,0,0,NA,0,"COLIMA"
2020-02-09,"COL",0,0,0,0,NA,0,"COLIMA"
2020-02-10,"COL",0,0,0,0,NA,0,"COLIMA"
2020-02-11,"COL",0,0,0,0,NA,0,"COLIMA"
2020-02-12,"COL",0,0,0,0,NA,0,"COLIMA"
2020-02-13,"COL",0,0,0,0,NA,0,"COLIMA"
2020-02-14,"COL",0,0,0,0,NA,0,"COLIMA"
2020-02-15,"COL",0,0,0,0,NA,0,"COLIMA"
2020-02-16,"COL",0,0,0,0,NA,0,"COLIMA"
2020-02-17,"COL",0,0,0,0,NA,0,"COLIMA"
2020-02-18,"COL",0,0,0,0,NA,0,"COLIMA"
2020-02-19,"COL",0,0,0,0,NA,0,"COLIMA"
2020-02-20,"COL",0,0,0,0,NA,0,"COLIMA"
2020-02-21,"COL",0,0,0,0,NA,0,"COLIMA"
2020-02-22,"COL",0,0,0,0,NA,0,"COLIMA"
2020-02-23,"COL",0,0,0,0,NA,0,"COLIMA"
2020-02-24,"COL",0,0,0,0,NA,0,"COLIMA"
2020-02-25,"COL",0,0,0,0,NA,0,"COLIMA"
2020-02-26,"COL",0,0,0,0,NA,0,"COLIMA"
2020-02-27,"COL",0,0,0,0,NA,0,"COLIMA"
2020-02-28,"COL",0,0,0,0,NA,0,"COLIMA"
2020-02-29,"COL",0,0,0,0,NA,0,"COLIMA"
2020-03-01,"COL",0,0,0,0,NA,0,"COLIMA"
2020-03-02,"COL",0,0,0,0,NA,0,"COLIMA"
2020-03-03,"COL",0,0,0,0,NA,0,"COLIMA"
2020-03-04,"COL",0,0,0,0,NA,0,"COLIMA"
2020-03-05,"COL",0,0,0,0,NA,0,"COLIMA"
2020-03-06,"COL",0,0,0,0,NA,0,"COLIMA"
2020-03-07,"COL",0,0,0,0,NA,0,"COLIMA"
2020-03-08,"COL",0,0,0,0,NA,0,"COLIMA"
2020-03-09,"COL",0,0,0,0,NA,0,"COLIMA"
2020-03-10,"COL",0,0,0,0,NA,0,"COLIMA"
2020-03-11,"COL",0,0,0,0,NA,0,"COLIMA"
2020-03-12,"COL",0,0,0,0,NA,0,"COLIMA"
2020-03-13,"COL",0,0,0,0,NA,0,"COLIMA"
2020-03-14,"COL",0,0,0,0,0,0,"COLIMA"
2020-03-15,"COL",0,0,0,0,1,0,"COLIMA"
2020-03-16,"COL",0,0,0,0,3,0,"COLIMA"
2020-03-17,"COL",0,0,0,0,2,0,"COLIMA"
2020-03-18,"COL",0,1,0,0,2,1,"COLIMA"
2020-03-19,"COL",0,1,0,0,3,1,"COLIMA"
2020-03-20,"COL",0,1,0,0,6,1,"COLIMA"
2020-03-21,"COL",0,2,0,0,3,2,"COLIMA"
2020-03-22,"COL",0,2,0,0,4,2,"COLIMA"
2020-03-23,"COL",0,2,0,NA,5,2,"COLIMA"
2020-03-24,"COL",0,2,0,NA,9,2,"COLIMA"
2020-03-25,"COL",0,2,0,NA,9,2,"COLIMA"
2020-03-26,"COL",0,2,0,NA,11,2,"COLIMA"
2020-03-27,"COL",0,2,0,NA,14,2,"COLIMA"
2020-03-28,"COL",0,2,0,NA,13,2,"COLIMA"
2020-03-29,"COL",0,2,0,NA,11,2,"COLIMA"
2020-03-30,"COL",0,2,0,NA,11,2,"COLIMA"
2020-03-31,"COL",0,2,0,NA,8,2,"COLIMA"
2020-01-23,"DUR",0,0,0,0,NA,0,"DURANGO"
2020-01-24,"DUR",0,0,0,0,NA,0,"DURANGO"
2020-01-25,"DUR",0,0,0,0,NA,0,"DURANGO"
2020-01-26,"DUR",0,0,0,0,NA,0,"DURANGO"
2020-01-27,"DUR",0,0,0,0,NA,0,"DURANGO"
2020-01-28,"DUR",0,0,0,0,NA,0,"DURANGO"
2020-01-29,"DUR",0,0,0,0,NA,0,"DURANGO"
2020-01-30,"DUR",0,0,0,0,NA,0,"DURANGO"
2020-01-31,"DUR",0,0,0,0,NA,0,"DURANGO"
2020-02-01,"DUR",0,0,0,0,NA,0,"DURANGO"
2020-02-02,"DUR",0,0,0,0,NA,0,"DURANGO"
2020-02-03,"DUR",0,0,0,0,NA,0,"DURANGO"
2020-02-04,"DUR",0,0,0,0,NA,0,"DURANGO"
2020-02-05,"DUR",0,0,0,0,NA,0,"DURANGO"
2020-02-06,"DUR",0,0,0,0,NA,0,"DURANGO"
2020-02-07,"DUR",0,0,0,0,NA,0,"DURANGO"
2020-02-08,"DUR",0,0,0,0,NA,0,"DURANGO"
2020-02-09,"DUR",0,0,0,0,NA,0,"DURANGO"
2020-02-10,"DUR",0,0,0,0,NA,0,"DURANGO"
2020-02-11,"DUR",0,0,0,0,NA,0,"DURANGO"
2020-02-12,"DUR",0,0,0,0,NA,0,"DURANGO"
2020-02-13,"DUR",0,0,0,0,NA,0,"DURANGO"
2020-02-14,"DUR",0,0,0,0,NA,0,"DURANGO"
2020-02-15,"DUR",0,0,0,0,NA,0,"DURANGO"
2020-02-16,"DUR",0,0,0,0,NA,0,"DURANGO"
2020-02-17,"DUR",0,0,0,0,NA,0,"DURANGO"
2020-02-18,"DUR",0,0,0,0,NA,0,"DURANGO"
2020-02-19,"DUR",0,0,0,0,NA,0,"DURANGO"
2020-02-20,"DUR",0,0,0,0,NA,0,"DURANGO"
2020-02-21,"DUR",0,0,0,0,NA,0,"DURANGO"
2020-02-22,"DUR",0,0,0,0,NA,0,"DURANGO"
2020-02-23,"DUR",0,0,0,0,NA,0,"DURANGO"
2020-02-24,"DUR",0,0,0,0,NA,0,"DURANGO"
2020-02-25,"DUR",0,0,0,0,NA,0,"DURANGO"
2020-02-26,"DUR",0,0,0,0,NA,0,"DURANGO"
2020-02-27,"DUR",0,0,0,0,NA,0,"DURANGO"
2020-02-28,"DUR",0,0,0,0,NA,0,"DURANGO"
2020-02-29,"DUR",0,0,0,0,NA,0,"DURANGO"
2020-03-01,"DUR",0,0,0,0,NA,0,"DURANGO"
2020-03-02,"DUR",0,0,0,0,NA,0,"DURANGO"
2020-03-03,"DUR",0,0,0,0,NA,0,"DURANGO"
2020-03-04,"DUR",0,0,0,0,NA,0,"DURANGO"
2020-03-05,"DUR",0,0,0,0,NA,0,"DURANGO"
2020-03-06,"DUR",0,0,0,0,NA,0,"DURANGO"
2020-03-07,"DUR",0,0,0,0,NA,0,"DURANGO"
2020-03-08,"DUR",0,0,0,0,NA,0,"DURANGO"
2020-03-09,"DUR",0,0,0,0,NA,0,"DURANGO"
2020-03-10,"DUR",0,0,0,0,NA,0,"DURANGO"
2020-03-11,"DUR",0,0,0,0,NA,0,"DURANGO"
2020-03-12,"DUR",0,1,0,0,NA,1,"DURANGO"
2020-03-13,"DUR",0,1,0,0,NA,1,"DURANGO"
2020-03-14,"DUR",0,1,0,0,3,1,"DURANGO"
2020-03-15,"DUR",0,1,0,0,7,1,"DURANGO"
2020-03-16,"DUR",0,3,0,0,0,3,"DURANGO"
2020-03-17,"DUR",0,3,0,0,0,3,"DURANGO"
2020-03-18,"DUR",0,3,0,0,3,3,"DURANGO"
2020-03-19,"DUR",0,3,0,0,4,3,"DURANGO"
2020-03-20,"DUR",1,4,0,0,8,4,"DURANGO"
2020-03-21,"DUR",1,4,1,0,1,5,"DURANGO"
2020-03-22,"DUR",1,4,1,0,1,5,"DURANGO"
2020-03-23,"DUR",1,4,1,NA,5,5,"DURANGO"
2020-03-24,"DUR",1,4,1,NA,6,5,"DURANGO"
2020-03-25,"DUR",1,4,1,NA,15,5,"DURANGO"
2020-03-26,"DUR",1,4,1,NA,24,5,"DURANGO"
2020-03-27,"DUR",1,5,2,NA,17,7,"DURANGO"
2020-03-28,"DUR",1,5,2,NA,35,7,"DURANGO"
2020-03-29,"DUR",1,5,2,NA,32,7,"DURANGO"
2020-03-30,"DUR",1,5,2,NA,23,7,"DURANGO"
2020-03-31,"DUR",1,5,2,NA,18,7,"DURANGO"
2020-01-23,"GRO",0,0,0,0,NA,0,"GUERRERO"
2020-01-24,"GRO",0,0,0,0,NA,0,"GUERRERO"
2020-01-25,"GRO",0,0,0,0,NA,0,"GUERRERO"
2020-01-26,"GRO",0,0,0,0,NA,0,"GUERRERO"
2020-01-27,"GRO",0,0,0,0,NA,0,"GUERRERO"
2020-01-28,"GRO",0,0,0,0,NA,0,"GUERRERO"
2020-01-29,"GRO",0,0,0,0,NA,0,"GUERRERO"
2020-01-30,"GRO",0,0,0,0,NA,0,"GUERRERO"
2020-01-31,"GRO",0,0,0,0,NA,0,"GUERRERO"
2020-02-01,"GRO",0,0,0,0,NA,0,"GUERRERO"
2020-02-02,"GRO",0,0,0,0,NA,0,"GUERRERO"
2020-02-03,"GRO",0,0,0,0,NA,0,"GUERRERO"
2020-02-04,"GRO",0,0,0,0,NA,0,"GUERRERO"
2020-02-05,"GRO",0,0,0,0,NA,0,"GUERRERO"
2020-02-06,"GRO",0,0,0,0,NA,0,"GUERRERO"
2020-02-07,"GRO",0,0,0,0,NA,0,"GUERRERO"
2020-02-08,"GRO",0,0,0,0,NA,0,"GUERRERO"
2020-02-09,"GRO",0,0,0,0,NA,0,"GUERRERO"
2020-02-10,"GRO",0,0,0,0,NA,0,"GUERRERO"
2020-02-11,"GRO",0,0,0,0,NA,0,"GUERRERO"
2020-02-12,"GRO",0,0,0,0,NA,0,"GUERRERO"
2020-02-13,"GRO",0,0,0,0,NA,0,"GUERRERO"
2020-02-14,"GRO",0,0,0,0,NA,0,"GUERRERO"
2020-02-15,"GRO",0,0,0,0,NA,0,"GUERRERO"
2020-02-16,"GRO",0,0,0,0,NA,0,"GUERRERO"
2020-02-17,"GRO",0,0,0,0,NA,0,"GUERRERO"
2020-02-18,"GRO",0,0,0,0,NA,0,"GUERRERO"
2020-02-19,"GRO",0,0,0,0,NA,0,"GUERRERO"
2020-02-20,"GRO",0,0,0,0,NA,0,"GUERRERO"
2020-02-21,"GRO",0,0,0,0,NA,0,"GUERRERO"
2020-02-22,"GRO",0,0,0,0,NA,0,"GUERRERO"
2020-02-23,"GRO",0,0,0,0,NA,0,"GUERRERO"
2020-02-24,"GRO",0,0,0,0,NA,0,"GUERRERO"
2020-02-25,"GRO",0,0,0,0,NA,0,"GUERRERO"
2020-02-26,"GRO",0,0,0,0,NA,0,"GUERRERO"
2020-02-27,"GRO",0,0,0,0,NA,0,"GUERRERO"
2020-02-28,"GRO",0,0,0,0,NA,0,"GUERRERO"
2020-02-29,"GRO",0,0,0,0,NA,0,"GUERRERO"
2020-03-01,"GRO",0,0,0,0,NA,0,"GUERRERO"
2020-03-02,"GRO",0,0,0,0,NA,0,"GUERRERO"
2020-03-03,"GRO",0,0,0,0,NA,0,"GUERRERO"
2020-03-04,"GRO",0,0,0,0,NA,0,"GUERRERO"
2020-03-05,"GRO",0,0,0,0,NA,0,"GUERRERO"
2020-03-06,"GRO",0,0,0,0,NA,0,"GUERRERO"
2020-03-07,"GRO",0,0,0,0,NA,0,"GUERRERO"
2020-03-08,"GRO",0,0,0,0,NA,0,"GUERRERO"
2020-03-09,"GRO",0,0,0,0,NA,0,"GUERRERO"
2020-03-10,"GRO",0,0,0,0,NA,0,"GUERRERO"
2020-03-11,"GRO",0,0,0,0,NA,0,"GUERRERO"
2020-03-12,"GRO",0,0,0,0,NA,0,"GUERRERO"
2020-03-13,"GRO",0,0,0,0,NA,0,"GUERRERO"
2020-03-14,"GRO",0,0,0,0,6,0,"GUERRERO"
2020-03-15,"GRO",0,0,0,0,6,0,"GUERRERO"
2020-03-16,"GRO",0,1,1,0,0,2,"GUERRERO"
2020-03-17,"GRO",0,1,1,0,6,2,"GUERRERO"
2020-03-18,"GRO",0,1,1,0,14,2,"GUERRERO"
2020-03-19,"GRO",0,3,1,0,10,4,"GUERRERO"
2020-03-20,"GRO",0,3,1,0,10,4,"GUERRERO"
2020-03-21,"GRO",0,3,1,0,12,4,"GUERRERO"
2020-03-22,"GRO",0,3,1,0,12,4,"GUERRERO"
2020-03-23,"GRO",0,3,2,NA,9,5,"GUERRERO"
2020-03-24,"GRO",0,4,2,NA,13,6,"GUERRERO"
2020-03-25,"GRO",0,5,2,NA,13,7,"GUERRERO"
2020-03-26,"GRO",0,5,2,NA,19,7,"GUERRERO"
2020-03-27,"GRO",0,5,2,NA,46,7,"GUERRERO"
2020-03-28,"GRO",0,6,4,NA,52,10,"GUERRERO"
2020-03-29,"GRO",0,6,7,NA,40,13,"GUERRERO"
2020-03-30,"GRO",0,6,7,NA,47,13,"GUERRERO"
2020-03-31,"GRO",0,7,8,NA,80,15,"GUERRERO"
2020-01-23,"GUA",0,0,0,0,NA,0,"GUANAJUATO"
2020-01-24,"GUA",0,0,0,0,NA,0,"GUANAJUATO"
2020-01-25,"GUA",0,0,0,0,NA,0,"GUANAJUATO"
2020-01-26,"GUA",0,0,0,0,NA,0,"GUANAJUATO"
2020-01-27,"GUA",0,0,0,0,NA,0,"GUANAJUATO"
2020-01-28,"GUA",0,0,0,0,NA,0,"GUANAJUATO"
2020-01-29,"GUA",0,0,0,0,NA,0,"GUANAJUATO"
2020-01-30,"GUA",0,0,0,0,NA,0,"GUANAJUATO"
2020-01-31,"GUA",0,0,0,0,NA,0,"GUANAJUATO"
2020-02-01,"GUA",0,0,0,0,NA,0,"GUANAJUATO"
2020-02-02,"GUA",0,0,0,0,NA,0,"GUANAJUATO"
2020-02-03,"GUA",0,0,0,0,NA,0,"GUANAJUATO"
2020-02-04,"GUA",0,0,0,0,NA,0,"GUANAJUATO"
2020-02-05,"GUA",0,0,0,0,NA,0,"GUANAJUATO"
2020-02-06,"GUA",0,0,0,0,NA,0,"GUANAJUATO"
2020-02-07,"GUA",0,0,0,0,NA,0,"GUANAJUATO"
2020-02-08,"GUA",0,0,0,0,NA,0,"GUANAJUATO"
2020-02-09,"GUA",0,0,0,0,NA,0,"GUANAJUATO"
2020-02-10,"GUA",0,0,0,0,NA,0,"GUANAJUATO"
2020-02-11,"GUA",0,0,0,0,NA,0,"GUANAJUATO"
2020-02-12,"GUA",0,0,0,0,NA,0,"GUANAJUATO"
2020-02-13,"GUA",0,0,0,0,NA,0,"GUANAJUATO"
2020-02-14,"GUA",0,0,0,0,NA,0,"GUANAJUATO"
2020-02-15,"GUA",0,0,0,0,NA,0,"GUANAJUATO"
2020-02-16,"GUA",0,0,0,0,NA,0,"GUANAJUATO"
2020-02-17,"GUA",0,0,0,0,NA,0,"GUANAJUATO"
2020-02-18,"GUA",0,0,0,0,NA,0,"GUANAJUATO"
2020-02-19,"GUA",0,0,0,0,NA,0,"GUANAJUATO"
2020-02-20,"GUA",0,0,0,0,NA,0,"GUANAJUATO"
2020-02-21,"GUA",0,0,0,0,NA,0,"GUANAJUATO"
2020-02-22,"GUA",0,0,0,0,NA,0,"GUANAJUATO"
2020-02-23,"GUA",0,0,0,0,NA,0,"GUANAJUATO"
2020-02-24,"GUA",0,0,0,0,NA,0,"GUANAJUATO"
2020-02-25,"GUA",0,0,0,0,NA,0,"GUANAJUATO"
2020-02-26,"GUA",0,0,0,0,NA,0,"GUANAJUATO"
2020-02-27,"GUA",0,0,0,0,NA,0,"GUANAJUATO"
2020-02-28,"GUA",0,0,0,0,NA,0,"GUANAJUATO"
2020-02-29,"GUA",0,0,0,0,NA,0,"GUANAJUATO"
2020-03-01,"GUA",0,0,0,0,NA,0,"GUANAJUATO"
2020-03-02,"GUA",0,0,0,0,NA,0,"GUANAJUATO"
2020-03-03,"GUA",0,0,0,0,NA,0,"GUANAJUATO"
2020-03-04,"GUA",0,0,0,0,NA,0,"GUANAJUATO"
2020-03-05,"GUA",0,0,0,0,NA,0,"GUANAJUATO"
2020-03-06,"GUA",0,0,0,0,NA,0,"GUANAJUATO"
2020-03-07,"GUA",0,0,0,0,NA,0,"GUANAJUATO"
2020-03-08,"GUA",0,0,0,0,NA,0,"GUANAJUATO"
2020-03-09,"GUA",0,0,0,0,NA,0,"GUANAJUATO"
2020-03-10,"GUA",0,0,0,0,NA,0,"GUANAJUATO"
2020-03-11,"GUA",0,0,0,0,NA,0,"GUANAJUATO"
2020-03-12,"GUA",0,0,0,0,NA,0,"GUANAJUATO"
2020-03-13,"GUA",0,0,0,0,NA,0,"GUANAJUATO"
2020-03-14,"GUA",0,0,0,0,11,0,"GUANAJUATO"
2020-03-15,"GUA",0,0,0,0,13,0,"GUANAJUATO"
2020-03-16,"GUA",0,0,0,0,10,0,"GUANAJUATO"
2020-03-17,"GUA",0,1,0,0,12,1,"GUANAJUATO"
2020-03-18,"GUA",0,4,0,0,6,4,"GUANAJUATO"
2020-03-19,"GUA",0,4,0,0,15,4,"GUANAJUATO"
2020-03-20,"GUA",0,4,0,0,31,4,"GUANAJUATO"
2020-03-21,"GUA",0,4,0,0,34,4,"GUANAJUATO"
2020-03-22,"GUA",0,4,0,0,88,4,"GUANAJUATO"
2020-03-23,"GUA",0,7,0,NA,75,7,"GUANAJUATO"
2020-03-24,"GUA",0,12,0,NA,84,12,"GUANAJUATO"
2020-03-25,"GUA",0,19,0,NA,93,19,"GUANAJUATO"
2020-03-26,"GUA",0,21,2,NA,107,23,"GUANAJUATO"
2020-03-27,"GUA",0,24,7,NA,126,31,"GUANAJUATO"
2020-03-28,"GUA",0,26,11,NA,132,37,"GUANAJUATO"
2020-03-29,"GUA",0,26,11,NA,127,37,"GUANAJUATO"
2020-03-30,"GUA",0,29,14,NA,79,43,"GUANAJUATO"
2020-03-31,"GUA",0,30,16,NA,130,46,"GUANAJUATO"
2020-01-23,"HID",0,0,0,0,NA,0,"HIDALGO"
2020-01-24,"HID",0,0,0,0,NA,0,"HIDALGO"
2020-01-25,"HID",0,0,0,0,NA,0,"HIDALGO"
2020-01-26,"HID",0,0,0,0,NA,0,"HIDALGO"
2020-01-27,"HID",0,0,0,0,NA,0,"HIDALGO"
2020-01-28,"HID",0,0,0,0,NA,0,"HIDALGO"
2020-01-29,"HID",0,0,0,0,NA,0,"HIDALGO"
2020-01-30,"HID",0,0,0,0,NA,0,"HIDALGO"
2020-01-31,"HID",0,0,0,0,NA,0,"HIDALGO"
2020-02-01,"HID",0,0,0,0,NA,0,"HIDALGO"
2020-02-02,"HID",0,0,0,0,NA,0,"HIDALGO"
2020-02-03,"HID",0,0,0,0,NA,0,"HIDALGO"
2020-02-04,"HID",0,0,0,0,NA,0,"HIDALGO"
2020-02-05,"HID",0,0,0,0,NA,0,"HIDALGO"
2020-02-06,"HID",0,0,0,0,NA,0,"HIDALGO"
2020-02-07,"HID",0,0,0,0,NA,0,"HIDALGO"
2020-02-08,"HID",0,0,0,0,NA,0,"HIDALGO"
2020-02-09,"HID",0,0,0,0,NA,0,"HIDALGO"
2020-02-10,"HID",0,0,0,0,NA,0,"HIDALGO"
2020-02-11,"HID",0,0,0,0,NA,0,"HIDALGO"
2020-02-12,"HID",0,0,0,0,NA,0,"HIDALGO"
2020-02-13,"HID",0,0,0,0,NA,0,"HIDALGO"
2020-02-14,"HID",0,0,0,0,NA,0,"HIDALGO"
2020-02-15,"HID",0,0,0,0,NA,0,"HIDALGO"
2020-02-16,"HID",0,0,0,0,NA,0,"HIDALGO"
2020-02-17,"HID",0,0,0,0,NA,0,"HIDALGO"
2020-02-18,"HID",0,0,0,0,NA,0,"HIDALGO"
2020-02-19,"HID",0,0,0,0,NA,0,"HIDALGO"
2020-02-20,"HID",0,0,0,0,NA,0,"HIDALGO"
2020-02-21,"HID",0,0,0,0,NA,0,"HIDALGO"
2020-02-22,"HID",0,0,0,0,NA,0,"HIDALGO"
2020-02-23,"HID",0,0,0,0,NA,0,"HIDALGO"
2020-02-24,"HID",0,0,0,0,NA,0,"HIDALGO"
2020-02-25,"HID",0,0,0,0,NA,0,"HIDALGO"
2020-02-26,"HID",0,0,0,0,NA,0,"HIDALGO"
2020-02-27,"HID",0,0,0,0,NA,0,"HIDALGO"
2020-02-28,"HID",0,0,0,0,NA,0,"HIDALGO"
2020-02-29,"HID",0,0,0,0,NA,0,"HIDALGO"
2020-03-01,"HID",0,0,0,0,NA,0,"HIDALGO"
2020-03-02,"HID",0,0,0,0,NA,0,"HIDALGO"
2020-03-03,"HID",0,0,0,0,NA,0,"HIDALGO"
2020-03-04,"HID",0,0,0,0,NA,0,"HIDALGO"
2020-03-05,"HID",0,0,0,0,NA,0,"HIDALGO"
2020-03-06,"HID",0,0,0,0,NA,0,"HIDALGO"
2020-03-07,"HID",0,0,0,0,NA,0,"HIDALGO"
2020-03-08,"HID",0,0,0,0,NA,0,"HIDALGO"
2020-03-09,"HID",0,0,0,0,NA,0,"HIDALGO"
2020-03-10,"HID",0,0,0,0,NA,0,"HIDALGO"
2020-03-11,"HID",0,0,0,0,NA,0,"HIDALGO"
2020-03-12,"HID",0,0,0,0,NA,0,"HIDALGO"
2020-03-13,"HID",0,0,0,0,NA,0,"HIDALGO"
2020-03-14,"HID",0,0,0,0,1,0,"HIDALGO"
2020-03-15,"HID",0,0,0,0,0,0,"HIDALGO"
2020-03-16,"HID",0,0,0,0,1,0,"HIDALGO"
2020-03-17,"HID",0,0,0,0,1,0,"HIDALGO"
2020-03-18,"HID",0,0,0,0,5,0,"HIDALGO"
2020-03-19,"HID",0,2,0,0,7,2,"HIDALGO"
2020-03-20,"HID",0,2,0,0,8,2,"HIDALGO"
2020-03-21,"HID",0,3,0,0,31,3,"HIDALGO"
2020-03-22,"HID",0,4,1,0,13,5,"HIDALGO"
2020-03-23,"HID",0,4,3,NA,11,7,"HIDALGO"
2020-03-24,"HID",0,4,3,NA,17,7,"HIDALGO"
2020-03-25,"HID",0,4,3,NA,22,7,"HIDALGO"
2020-03-26,"HID",0,5,7,NA,24,12,"HIDALGO"
2020-03-27,"HID",0,5,7,NA,40,12,"HIDALGO"
2020-03-28,"HID",1,5,7,NA,43,12,"HIDALGO"
2020-03-29,"HID",2,8,9,NA,46,17,"HIDALGO"
2020-03-30,"HID",2,8,9,NA,52,17,"HIDALGO"
2020-03-31,"HID",3,8,11,NA,66,19,"HIDALGO"
2020-01-23,"JAL",0,0,0,0,NA,0,"JALISCO"
2020-01-24,"JAL",0,0,0,0,NA,0,"JALISCO"
2020-01-25,"JAL",0,0,0,0,NA,0,"JALISCO"
2020-01-26,"JAL",0,0,0,0,NA,0,"JALISCO"
2020-01-27,"JAL",0,0,0,0,NA,0,"JALISCO"
2020-01-28,"JAL",0,0,0,0,NA,0,"JALISCO"
2020-01-29,"JAL",0,0,0,0,NA,0,"JALISCO"
2020-01-30,"JAL",0,0,0,0,NA,0,"JALISCO"
2020-01-31,"JAL",0,0,0,0,NA,0,"JALISCO"
2020-02-01,"JAL",0,0,0,0,NA,0,"JALISCO"
2020-02-02,"JAL",0,0,0,0,NA,0,"JALISCO"
2020-02-03,"JAL",0,0,0,0,NA,0,"JALISCO"
2020-02-04,"JAL",0,0,0,0,NA,0,"JALISCO"
2020-02-05,"JAL",0,0,0,0,NA,0,"JALISCO"
2020-02-06,"JAL",0,0,0,0,NA,0,"JALISCO"
2020-02-07,"JAL",0,0,0,0,NA,0,"JALISCO"
2020-02-08,"JAL",0,0,0,0,NA,0,"JALISCO"
2020-02-09,"JAL",0,0,0,0,NA,0,"JALISCO"
2020-02-10,"JAL",0,0,0,0,NA,0,"JALISCO"
2020-02-11,"JAL",0,0,0,0,NA,0,"JALISCO"
2020-02-12,"JAL",0,0,0,0,NA,0,"JALISCO"
2020-02-13,"JAL",0,0,0,0,NA,0,"JALISCO"
2020-02-14,"JAL",0,0,0,0,NA,0,"JALISCO"
2020-02-15,"JAL",0,0,0,0,NA,0,"JALISCO"
2020-02-16,"JAL",0,0,0,0,NA,0,"JALISCO"
2020-02-17,"JAL",0,0,0,0,NA,0,"JALISCO"
2020-02-18,"JAL",0,0,0,0,NA,0,"JALISCO"
2020-02-19,"JAL",0,0,0,0,NA,0,"JALISCO"
2020-02-20,"JAL",0,0,0,0,NA,0,"JALISCO"
2020-02-21,"JAL",0,0,0,0,NA,0,"JALISCO"
2020-02-22,"JAL",0,0,0,0,NA,0,"JALISCO"
2020-02-23,"JAL",0,0,0,0,NA,0,"JALISCO"
2020-02-24,"JAL",0,0,0,0,NA,0,"JALISCO"
2020-02-25,"JAL",0,0,0,0,NA,0,"JALISCO"
2020-02-26,"JAL",0,0,0,0,NA,0,"JALISCO"
2020-02-27,"JAL",0,0,0,0,NA,0,"JALISCO"
2020-02-28,"JAL",0,0,0,0,NA,0,"JALISCO"
2020-02-29,"JAL",0,0,0,0,NA,0,"JALISCO"
2020-03-01,"JAL",0,0,0,0,NA,0,"JALISCO"
2020-03-02,"JAL",0,0,0,0,NA,0,"JALISCO"
2020-03-03,"JAL",0,0,0,0,NA,0,"JALISCO"
2020-03-04,"JAL",0,0,0,0,NA,0,"JALISCO"
2020-03-05,"JAL",0,0,0,0,NA,0,"JALISCO"
2020-03-06,"JAL",0,0,0,0,NA,0,"JALISCO"
2020-03-07,"JAL",0,0,0,0,NA,0,"JALISCO"
2020-03-08,"JAL",0,0,0,0,NA,0,"JALISCO"
2020-03-09,"JAL",0,0,0,0,NA,0,"JALISCO"
2020-03-10,"JAL",0,0,0,0,NA,0,"JALISCO"
2020-03-11,"JAL",0,0,0,0,NA,0,"JALISCO"
2020-03-12,"JAL",0,0,0,0,NA,0,"JALISCO"
2020-03-13,"JAL",0,0,0,0,NA,0,"JALISCO"
2020-03-14,"JAL",0,2,0,0,17,2,"JALISCO"
2020-03-15,"JAL",0,2,0,0,9,2,"JALISCO"
2020-03-16,"JAL",0,2,0,0,18,2,"JALISCO"
2020-03-17,"JAL",0,4,1,0,3,5,"JALISCO"
2020-03-18,"JAL",0,4,2,0,15,6,"JALISCO"
2020-03-19,"JAL",0,19,3,0,13,22,"JALISCO"
2020-03-20,"JAL",0,22,6,0,55,28,"JALISCO"
2020-03-21,"JAL",0,24,8,0,96,32,"JALISCO"
2020-03-22,"JAL",0,32,9,0,120,41,"JALISCO"
2020-03-23,"JAL",1,36,10,NA,142,46,"JALISCO"
2020-03-24,"JAL",1,36,10,NA,195,46,"JALISCO"
2020-03-25,"JAL",1,36,10,NA,232,46,"JALISCO"
2020-03-26,"JAL",2,48,16,NA,220,64,"JALISCO"
2020-03-27,"JAL",3,55,22,NA,212,77,"JALISCO"
2020-03-28,"JAL",3,56,26,NA,209,82,"JALISCO"
2020-03-29,"JAL",3,56,27,NA,227,83,"JALISCO"
2020-03-30,"JAL",3,57,33,NA,275,90,"JALISCO"
2020-03-31,"JAL",3,60,34,NA,377,94,"JALISCO"
2020-01-23,"MEX",0,0,0,0,NA,0,"MEXICO"
2020-01-24,"MEX",0,0,0,0,NA,0,"MEXICO"
2020-01-25,"MEX",0,0,0,0,NA,0,"MEXICO"
2020-01-26,"MEX",0,0,0,0,NA,0,"MEXICO"
2020-01-27,"MEX",0,0,0,0,NA,0,"MEXICO"
2020-01-28,"MEX",0,0,0,0,NA,0,"MEXICO"
2020-01-29,"MEX",0,0,0,0,NA,0,"MEXICO"
2020-01-30,"MEX",0,0,0,0,NA,0,"MEXICO"
2020-01-31,"MEX",0,0,0,0,NA,0,"MEXICO"
2020-02-01,"MEX",0,0,0,0,NA,0,"MEXICO"
2020-02-02,"MEX",0,0,0,0,NA,0,"MEXICO"
2020-02-03,"MEX",0,0,0,0,NA,0,"MEXICO"
2020-02-04,"MEX",0,0,0,0,NA,0,"MEXICO"
2020-02-05,"MEX",0,0,0,0,NA,0,"MEXICO"
2020-02-06,"MEX",0,0,0,0,NA,0,"MEXICO"
2020-02-07,"MEX",0,0,0,0,NA,0,"MEXICO"
2020-02-08,"MEX",0,0,0,0,NA,0,"MEXICO"
2020-02-09,"MEX",0,0,0,0,NA,0,"MEXICO"
2020-02-10,"MEX",0,0,0,0,NA,0,"MEXICO"
2020-02-11,"MEX",0,0,0,0,NA,0,"MEXICO"
2020-02-12,"MEX",0,0,0,0,NA,0,"MEXICO"
2020-02-13,"MEX",0,0,0,0,NA,0,"MEXICO"
2020-02-14,"MEX",0,0,0,0,NA,0,"MEXICO"
2020-02-15,"MEX",0,0,0,0,NA,0,"MEXICO"
2020-02-16,"MEX",0,0,0,0,NA,0,"MEXICO"
2020-02-17,"MEX",0,0,0,0,NA,0,"MEXICO"
2020-02-18,"MEX",0,0,0,0,NA,0,"MEXICO"
2020-02-19,"MEX",0,0,0,0,NA,0,"MEXICO"
2020-02-20,"MEX",0,0,0,0,NA,0,"MEXICO"
2020-02-21,"MEX",0,0,0,0,NA,0,"MEXICO"
2020-02-22,"MEX",0,0,0,0,NA,0,"MEXICO"
2020-02-23,"MEX",0,0,0,0,NA,0,"MEXICO"
2020-02-24,"MEX",0,0,0,0,NA,0,"MEXICO"
2020-02-25,"MEX",0,0,0,0,NA,0,"MEXICO"
2020-02-26,"MEX",0,0,0,0,NA,0,"MEXICO"
2020-02-27,"MEX",0,0,0,0,NA,0,"MEXICO"
2020-02-28,"MEX",0,0,0,0,NA,0,"MEXICO"
2020-02-29,"MEX",0,0,0,0,NA,0,"MEXICO"
2020-03-01,"MEX",0,0,0,0,NA,0,"MEXICO"
2020-03-02,"MEX",0,0,0,0,NA,0,"MEXICO"
2020-03-03,"MEX",0,0,0,0,NA,0,"MEXICO"
2020-03-04,"MEX",0,0,0,0,NA,0,"MEXICO"
2020-03-05,"MEX",0,0,0,0,NA,0,"MEXICO"
2020-03-06,"MEX",0,1,0,0,NA,1,"MEXICO"
2020-03-07,"MEX",0,1,0,0,NA,1,"MEXICO"
2020-03-08,"MEX",0,1,0,0,NA,1,"MEXICO"
2020-03-09,"MEX",0,1,0,0,NA,1,"MEXICO"
2020-03-10,"MEX",0,1,0,0,NA,1,"MEXICO"
2020-03-11,"MEX",0,2,0,0,NA,2,"MEXICO"
2020-03-12,"MEX",0,3,0,0,NA,3,"MEXICO"
2020-03-13,"MEX",0,3,0,0,NA,3,"MEXICO"
2020-03-14,"MEX",0,3,0,1,10,3,"MEXICO"
2020-03-15,"MEX",0,4,0,1,13,4,"MEXICO"
2020-03-16,"MEX",0,8,1,1,15,9,"MEXICO"
2020-03-17,"MEX",0,9,1,1,22,10,"MEXICO"
2020-03-18,"MEX",0,9,1,1,41,10,"MEXICO"
2020-03-19,"MEX",0,9,1,1,63,10,"MEXICO"
2020-03-20,"MEX",0,12,2,1,83,14,"MEXICO"
2020-03-21,"MEX",0,12,2,1,117,14,"MEXICO"
2020-03-22,"MEX",0,19,3,1,71,22,"MEXICO"
2020-03-23,"MEX",0,19,3,NA,83,22,"MEXICO"
2020-03-24,"MEX",0,19,3,NA,154,22,"MEXICO"
2020-03-25,"MEX",0,21,5,NA,228,26,"MEXICO"
2020-03-26,"MEX",0,23,23,NA,289,46,"MEXICO"
2020-03-27,"MEX",0,33,37,NA,266,70,"MEXICO"
2020-03-28,"MEX",0,36,49,NA,298,85,"MEXICO"
2020-03-29,"MEX",0,45,74,NA,311,119,"MEXICO"
2020-03-30,"MEX",1,48,88,NA,318,136,"MEXICO"
2020-03-31,"MEX",1,49,100,NA,371,149,"MEXICO"
2020-01-23,"MIC",0,0,0,0,NA,0,"MICHOACAN"
2020-01-24,"MIC",0,0,0,0,NA,0,"MICHOACAN"
2020-01-25,"MIC",0,0,0,0,NA,0,"MICHOACAN"
2020-01-26,"MIC",0,0,0,0,NA,0,"MICHOACAN"
2020-01-27,"MIC",0,0,0,0,NA,0,"MICHOACAN"
2020-01-28,"MIC",0,0,0,0,NA,0,"MICHOACAN"
2020-01-29,"MIC",0,0,0,0,NA,0,"MICHOACAN"
2020-01-30,"MIC",0,0,0,0,NA,0,"MICHOACAN"
2020-01-31,"MIC",0,0,0,0,NA,0,"MICHOACAN"
2020-02-01,"MIC",0,0,0,0,NA,0,"MICHOACAN"
2020-02-02,"MIC",0,0,0,0,NA,0,"MICHOACAN"
2020-02-03,"MIC",0,0,0,0,NA,0,"MICHOACAN"
2020-02-04,"MIC",0,0,0,0,NA,0,"MICHOACAN"
2020-02-05,"MIC",0,0,0,0,NA,0,"MICHOACAN"
2020-02-06,"MIC",0,0,0,0,NA,0,"MICHOACAN"
2020-02-07,"MIC",0,0,0,0,NA,0,"MICHOACAN"
2020-02-08,"MIC",0,0,0,0,NA,0,"MICHOACAN"
2020-02-09,"MIC",0,0,0,0,NA,0,"MICHOACAN"
2020-02-10,"MIC",0,0,0,0,NA,0,"MICHOACAN"
2020-02-11,"MIC",0,0,0,0,NA,0,"MICHOACAN"
2020-02-12,"MIC",0,0,0,0,NA,0,"MICHOACAN"
2020-02-13,"MIC",0,0,0,0,NA,0,"MICHOACAN"
2020-02-14,"MIC",0,0,0,0,NA,0,"MICHOACAN"
2020-02-15,"MIC",0,0,0,0,NA,0,"MICHOACAN"
2020-02-16,"MIC",0,0,0,0,NA,0,"MICHOACAN"
2020-02-17,"MIC",0,0,0,0,NA,0,"MICHOACAN"
2020-02-18,"MIC",0,0,0,0,NA,0,"MICHOACAN"
2020-02-19,"MIC",0,0,0,0,NA,0,"MICHOACAN"
2020-02-20,"MIC",0,0,0,0,NA,0,"MICHOACAN"
2020-02-21,"MIC",0,0,0,0,NA,0,"MICHOACAN"
2020-02-22,"MIC",0,0,0,0,NA,0,"MICHOACAN"
2020-02-23,"MIC",0,0,0,0,NA,0,"MICHOACAN"
2020-02-24,"MIC",0,0,0,0,NA,0,"MICHOACAN"
2020-02-25,"MIC",0,0,0,0,NA,0,"MICHOACAN"
2020-02-26,"MIC",0,0,0,0,NA,0,"MICHOACAN"
2020-02-27,"MIC",0,0,0,0,NA,0,"MICHOACAN"
2020-02-28,"MIC",0,0,0,0,NA,0,"MICHOACAN"
2020-02-29,"MIC",0,0,0,0,NA,0,"MICHOACAN"
2020-03-01,"MIC",0,0,0,0,NA,0,"MICHOACAN"
2020-03-02,"MIC",0,0,0,0,NA,0,"MICHOACAN"
2020-03-03,"MIC",0,0,0,0,NA,0,"MICHOACAN"
2020-03-04,"MIC",0,0,0,0,NA,0,"MICHOACAN"
2020-03-05,"MIC",0,0,0,0,NA,0,"MICHOACAN"
2020-03-06,"MIC",0,0,0,0,NA,0,"MICHOACAN"
2020-03-07,"MIC",0,0,0,0,NA,0,"MICHOACAN"
2020-03-08,"MIC",0,0,0,0,NA,0,"MICHOACAN"
2020-03-09,"MIC",0,0,0,0,NA,0,"MICHOACAN"
2020-03-10,"MIC",0,0,0,0,NA,0,"MICHOACAN"
2020-03-11,"MIC",0,0,0,0,NA,0,"MICHOACAN"
2020-03-12,"MIC",0,0,0,0,NA,0,"MICHOACAN"
2020-03-13,"MIC",0,0,0,0,NA,0,"MICHOACAN"
2020-03-14,"MIC",0,0,0,0,4,0,"MICHOACAN"
2020-03-15,"MIC",0,0,0,0,0,0,"MICHOACAN"
2020-03-16,"MIC",0,0,0,0,0,0,"MICHOACAN"
2020-03-17,"MIC",0,0,0,0,3,0,"MICHOACAN"
2020-03-18,"MIC",0,0,0,0,2,0,"MICHOACAN"
2020-03-19,"MIC",0,0,0,0,10,0,"MICHOACAN"
2020-03-20,"MIC",0,0,0,0,16,0,"MICHOACAN"
2020-03-21,"MIC",0,0,0,0,11,0,"MICHOACAN"
2020-03-22,"MIC",0,1,2,0,11,3,"MICHOACAN"
2020-03-23,"MIC",0,1,6,NA,10,7,"MICHOACAN"
2020-03-24,"MIC",0,2,6,NA,14,8,"MICHOACAN"
2020-03-25,"MIC",0,3,7,NA,24,10,"MICHOACAN"
2020-03-26,"MIC",0,3,8,NA,36,11,"MICHOACAN"
2020-03-27,"MIC",1,3,13,NA,41,16,"MICHOACAN"
2020-03-28,"MIC",1,3,14,NA,48,17,"MICHOACAN"
2020-03-29,"MIC",1,3,14,NA,63,17,"MICHOACAN"
2020-03-30,"MIC",1,3,14,NA,65,17,"MICHOACAN"
2020-03-31,"MIC",1,3,18,NA,70,21,"MICHOACAN"
2020-01-23,"MOR",0,0,0,0,NA,0,"MORELOS"
2020-01-24,"MOR",0,0,0,0,NA,0,"MORELOS"
2020-01-25,"MOR",0,0,0,0,NA,0,"MORELOS"
2020-01-26,"MOR",0,0,0,0,NA,0,"MORELOS"
2020-01-27,"MOR",0,0,0,0,NA,0,"MORELOS"
2020-01-28,"MOR",0,0,0,0,NA,0,"MORELOS"
2020-01-29,"MOR",0,0,0,0,NA,0,"MORELOS"
2020-01-30,"MOR",0,0,0,0,NA,0,"MORELOS"
2020-01-31,"MOR",0,0,0,0,NA,0,"MORELOS"
2020-02-01,"MOR",0,0,0,0,NA,0,"MORELOS"
2020-02-02,"MOR",0,0,0,0,NA,0,"MORELOS"
2020-02-03,"MOR",0,0,0,0,NA,0,"MORELOS"
2020-02-04,"MOR",0,0,0,0,NA,0,"MORELOS"
2020-02-05,"MOR",0,0,0,0,NA,0,"MORELOS"
2020-02-06,"MOR",0,0,0,0,NA,0,"MORELOS"
2020-02-07,"MOR",0,0,0,0,NA,0,"MORELOS"
2020-02-08,"MOR",0,0,0,0,NA,0,"MORELOS"
2020-02-09,"MOR",0,0,0,0,NA,0,"MORELOS"
2020-02-10,"MOR",0,0,0,0,NA,0,"MORELOS"
2020-02-11,"MOR",0,0,0,0,NA,0,"MORELOS"
2020-02-12,"MOR",0,0,0,0,NA,0,"MORELOS"
2020-02-13,"MOR",0,0,0,0,NA,0,"MORELOS"
2020-02-14,"MOR",0,0,0,0,NA,0,"MORELOS"
2020-02-15,"MOR",0,0,0,0,NA,0,"MORELOS"
2020-02-16,"MOR",0,0,0,0,NA,0,"MORELOS"
2020-02-17,"MOR",0,0,0,0,NA,0,"MORELOS"
2020-02-18,"MOR",0,0,0,0,NA,0,"MORELOS"
2020-02-19,"MOR",0,0,0,0,NA,0,"MORELOS"
2020-02-20,"MOR",0,0,0,0,NA,0,"MORELOS"
2020-02-21,"MOR",0,0,0,0,NA,0,"MORELOS"
2020-02-22,"MOR",0,0,0,0,NA,0,"MORELOS"
2020-02-23,"MOR",0,0,0,0,NA,0,"MORELOS"
2020-02-24,"MOR",0,0,0,0,NA,0,"MORELOS"
2020-02-25,"MOR",0,0,0,0,NA,0,"MORELOS"
2020-02-26,"MOR",0,0,0,0,NA,0,"MORELOS"
2020-02-27,"MOR",0,0,0,0,NA,0,"MORELOS"
2020-02-28,"MOR",0,0,0,0,NA,0,"MORELOS"
2020-02-29,"MOR",0,0,0,0,NA,0,"MORELOS"
2020-03-01,"MOR",0,0,0,0,NA,0,"MORELOS"
2020-03-02,"MOR",0,0,0,0,NA,0,"MORELOS"
2020-03-03,"MOR",0,0,0,0,NA,0,"MORELOS"
2020-03-04,"MOR",0,0,0,0,NA,0,"MORELOS"
2020-03-05,"MOR",0,0,0,0,NA,0,"MORELOS"
2020-03-06,"MOR",0,0,0,0,NA,0,"MORELOS"
2020-03-07,"MOR",0,0,0,0,NA,0,"MORELOS"
2020-03-08,"MOR",0,0,0,0,NA,0,"MORELOS"
2020-03-09,"MOR",0,0,0,0,NA,0,"MORELOS"
2020-03-10,"MOR",0,0,0,0,NA,0,"MORELOS"
2020-03-11,"MOR",0,0,0,0,NA,0,"MORELOS"
2020-03-12,"MOR",0,0,0,0,NA,0,"MORELOS"
2020-03-13,"MOR",0,0,0,0,NA,0,"MORELOS"
2020-03-14,"MOR",0,0,0,0,0,0,"MORELOS"
2020-03-15,"MOR",0,0,0,0,0,0,"MORELOS"
2020-03-16,"MOR",0,0,0,0,1,0,"MORELOS"
2020-03-17,"MOR",0,0,0,0,1,0,"MORELOS"
2020-03-18,"MOR",0,0,0,0,1,0,"MORELOS"
2020-03-19,"MOR",0,0,0,0,4,0,"MORELOS"
2020-03-20,"MOR",0,2,0,0,10,2,"MORELOS"
2020-03-21,"MOR",0,2,0,0,6,2,"MORELOS"
2020-03-22,"MOR",0,2,0,0,2,2,"MORELOS"
2020-03-23,"MOR",0,2,0,NA,2,2,"MORELOS"
2020-03-24,"MOR",0,2,0,NA,13,2,"MORELOS"
2020-03-25,"MOR",0,2,0,NA,13,2,"MORELOS"
2020-03-26,"MOR",0,3,1,NA,21,4,"MORELOS"
2020-03-27,"MOR",0,3,1,NA,26,4,"MORELOS"
2020-03-28,"MOR",0,3,1,NA,25,4,"MORELOS"
2020-03-29,"MOR",1,3,3,NA,17,6,"MORELOS"
2020-03-30,"MOR",1,3,3,NA,16,6,"MORELOS"
2020-03-31,"MOR",1,4,3,NA,34,7,"MORELOS"
2020-01-23,"NAY",0,0,0,0,NA,0,"NAYARIT"
2020-01-24,"NAY",0,0,0,0,NA,0,"NAYARIT"
2020-01-25,"NAY",0,0,0,0,NA,0,"NAYARIT"
2020-01-26,"NAY",0,0,0,0,NA,0,"NAYARIT"
2020-01-27,"NAY",0,0,0,0,NA,0,"NAYARIT"
2020-01-28,"NAY",0,0,0,0,NA,0,"NAYARIT"
2020-01-29,"NAY",0,0,0,0,NA,0,"NAYARIT"
2020-01-30,"NAY",0,0,0,0,NA,0,"NAYARIT"
2020-01-31,"NAY",0,0,0,0,NA,0,"NAYARIT"
2020-02-01,"NAY",0,0,0,0,NA,0,"NAYARIT"
2020-02-02,"NAY",0,0,0,0,NA,0,"NAYARIT"
2020-02-03,"NAY",0,0,0,0,NA,0,"NAYARIT"
2020-02-04,"NAY",0,0,0,0,NA,0,"NAYARIT"
2020-02-05,"NAY",0,0,0,0,NA,0,"NAYARIT"
2020-02-06,"NAY",0,0,0,0,NA,0,"NAYARIT"
2020-02-07,"NAY",0,0,0,0,NA,0,"NAYARIT"
2020-02-08,"NAY",0,0,0,0,NA,0,"NAYARIT"
2020-02-09,"NAY",0,0,0,0,NA,0,"NAYARIT"
2020-02-10,"NAY",0,0,0,0,NA,0,"NAYARIT"
2020-02-11,"NAY",0,0,0,0,NA,0,"NAYARIT"
2020-02-12,"NAY",0,0,0,0,NA,0,"NAYARIT"
2020-02-13,"NAY",0,0,0,0,NA,0,"NAYARIT"
2020-02-14,"NAY",0,0,0,0,NA,0,"NAYARIT"
2020-02-15,"NAY",0,0,0,0,NA,0,"NAYARIT"
2020-02-16,"NAY",0,0,0,0,NA,0,"NAYARIT"
2020-02-17,"NAY",0,0,0,0,NA,0,"NAYARIT"
2020-02-18,"NAY",0,0,0,0,NA,0,"NAYARIT"
2020-02-19,"NAY",0,0,0,0,NA,0,"NAYARIT"
2020-02-20,"NAY",0,0,0,0,NA,0,"NAYARIT"
2020-02-21,"NAY",0,0,0,0,NA,0,"NAYARIT"
2020-02-22,"NAY",0,0,0,0,NA,0,"NAYARIT"
2020-02-23,"NAY",0,0,0,0,NA,0,"NAYARIT"
2020-02-24,"NAY",0,0,0,0,NA,0,"NAYARIT"
2020-02-25,"NAY",0,0,0,0,NA,0,"NAYARIT"
2020-02-26,"NAY",0,0,0,0,NA,0,"NAYARIT"
2020-02-27,"NAY",0,0,0,0,NA,0,"NAYARIT"
2020-02-28,"NAY",0,0,0,0,NA,0,"NAYARIT"
2020-02-29,"NAY",0,0,0,0,NA,0,"NAYARIT"
2020-03-01,"NAY",0,0,0,0,NA,0,"NAYARIT"
2020-03-02,"NAY",0,0,0,0,NA,0,"NAYARIT"
2020-03-03,"NAY",0,0,0,0,NA,0,"NAYARIT"
2020-03-04,"NAY",0,0,0,0,NA,0,"NAYARIT"
2020-03-05,"NAY",0,0,0,0,NA,0,"NAYARIT"
2020-03-06,"NAY",0,0,0,0,NA,0,"NAYARIT"
2020-03-07,"NAY",0,0,0,0,NA,0,"NAYARIT"
2020-03-08,"NAY",0,0,0,0,NA,0,"NAYARIT"
2020-03-09,"NAY",0,0,0,0,NA,0,"NAYARIT"
2020-03-10,"NAY",0,0,0,0,NA,0,"NAYARIT"
2020-03-11,"NAY",0,0,0,0,NA,0,"NAYARIT"
2020-03-12,"NAY",0,0,0,0,NA,0,"NAYARIT"
2020-03-13,"NAY",0,0,0,0,NA,0,"NAYARIT"
2020-03-14,"NAY",0,0,0,0,0,0,"NAYARIT"
2020-03-15,"NAY",0,0,0,0,0,0,"NAYARIT"
2020-03-16,"NAY",0,0,0,0,0,0,"NAYARIT"
2020-03-17,"NAY",0,0,0,0,1,0,"NAYARIT"
2020-03-18,"NAY",0,0,0,0,2,0,"NAYARIT"
2020-03-19,"NAY",0,0,0,0,3,0,"NAYARIT"
2020-03-20,"NAY",0,0,0,0,3,0,"NAYARIT"
2020-03-21,"NAY",0,1,0,0,1,1,"NAYARIT"
2020-03-22,"NAY",0,1,0,0,1,1,"NAYARIT"
2020-03-23,"NAY",0,1,0,NA,1,1,"NAYARIT"
2020-03-24,"NAY",0,1,0,NA,3,1,"NAYARIT"
2020-03-25,"NAY",0,2,2,NA,3,4,"NAYARIT"
2020-03-26,"NAY",0,2,2,NA,8,4,"NAYARIT"
2020-03-27,"NAY",0,3,2,NA,14,5,"NAYARIT"
2020-03-28,"NAY",0,3,2,NA,15,5,"NAYARIT"
2020-03-29,"NAY",0,3,2,NA,18,5,"NAYARIT"
2020-03-30,"NAY",0,3,3,NA,13,6,"NAYARIT"
2020-03-31,"NAY",0,3,3,NA,19,6,"NAYARIT"
2020-01-23,"NLE",0,0,0,0,NA,0,"NUEVO LEON"
2020-01-24,"NLE",0,0,0,0,NA,0,"NUEVO LEON"
2020-01-25,"NLE",0,0,0,0,NA,0,"NUEVO LEON"
2020-01-26,"NLE",0,0,0,0,NA,0,"NUEVO LEON"
2020-01-27,"NLE",0,0,0,0,NA,0,"NUEVO LEON"
2020-01-28,"NLE",0,0,0,0,NA,0,"NUEVO LEON"
2020-01-29,"NLE",0,0,0,0,NA,0,"NUEVO LEON"
2020-01-30,"NLE",0,0,0,0,NA,0,"NUEVO LEON"
2020-01-31,"NLE",0,0,0,0,NA,0,"NUEVO LEON"
2020-02-01,"NLE",0,0,0,0,NA,0,"NUEVO LEON"
2020-02-02,"NLE",0,0,0,0,NA,0,"NUEVO LEON"
2020-02-03,"NLE",0,0,0,0,NA,0,"NUEVO LEON"
2020-02-04,"NLE",0,0,0,0,NA,0,"NUEVO LEON"
2020-02-05,"NLE",0,0,0,0,NA,0,"NUEVO LEON"
2020-02-06,"NLE",0,0,0,0,NA,0,"NUEVO LEON"
2020-02-07,"NLE",0,0,0,0,NA,0,"NUEVO LEON"
2020-02-08,"NLE",0,0,0,0,NA,0,"NUEVO LEON"
2020-02-09,"NLE",0,0,0,0,NA,0,"NUEVO LEON"
2020-02-10,"NLE",0,0,0,0,NA,0,"NUEVO LEON"
2020-02-11,"NLE",0,0,0,0,NA,0,"NUEVO LEON"
2020-02-12,"NLE",0,0,0,0,NA,0,"NUEVO LEON"
2020-02-13,"NLE",0,0,0,0,NA,0,"NUEVO LEON"
2020-02-14,"NLE",0,0,0,0,NA,0,"NUEVO LEON"
2020-02-15,"NLE",0,0,0,0,NA,0,"NUEVO LEON"
2020-02-16,"NLE",0,0,0,0,NA,0,"NUEVO LEON"
2020-02-17,"NLE",0,0,0,0,NA,0,"NUEVO LEON"
2020-02-18,"NLE",0,0,0,0,NA,0,"NUEVO LEON"
2020-02-19,"NLE",0,0,0,0,NA,0,"NUEVO LEON"
2020-02-20,"NLE",0,0,0,0,NA,0,"NUEVO LEON"
2020-02-21,"NLE",0,0,0,0,NA,0,"NUEVO LEON"
2020-02-22,"NLE",0,0,0,0,NA,0,"NUEVO LEON"
2020-02-23,"NLE",0,0,0,0,NA,0,"NUEVO LEON"
2020-02-24,"NLE",0,0,0,0,NA,0,"NUEVO LEON"
2020-02-25,"NLE",0,0,0,0,NA,0,"NUEVO LEON"
2020-02-26,"NLE",0,0,0,0,NA,0,"NUEVO LEON"
2020-02-27,"NLE",0,0,0,0,NA,0,"NUEVO LEON"
2020-02-28,"NLE",0,0,0,0,NA,0,"NUEVO LEON"
2020-02-29,"NLE",0,0,0,0,NA,0,"NUEVO LEON"
2020-03-01,"NLE",0,0,0,0,NA,0,"NUEVO LEON"
2020-03-02,"NLE",0,0,0,0,NA,0,"NUEVO LEON"
2020-03-03,"NLE",0,0,0,0,NA,0,"NUEVO LEON"
2020-03-04,"NLE",0,0,0,0,NA,0,"NUEVO LEON"
2020-03-05,"NLE",0,0,0,0,NA,0,"NUEVO LEON"
2020-03-06,"NLE",0,0,0,0,NA,0,"NUEVO LEON"
2020-03-07,"NLE",0,0,0,0,NA,0,"NUEVO LEON"
2020-03-08,"NLE",0,0,0,0,NA,0,"NUEVO LEON"
2020-03-09,"NLE",0,0,0,0,NA,0,"NUEVO LEON"
2020-03-10,"NLE",0,0,0,0,NA,0,"NUEVO LEON"
2020-03-11,"NLE",0,0,0,0,NA,0,"NUEVO LEON"
2020-03-12,"NLE",0,1,0,0,NA,1,"NUEVO LEON"
2020-03-13,"NLE",0,1,0,0,NA,1,"NUEVO LEON"
2020-03-14,"NLE",0,3,0,0,3,3,"NUEVO LEON"
2020-03-15,"NLE",0,5,0,0,21,5,"NUEVO LEON"
2020-03-16,"NLE",0,13,0,0,2,13,"NUEVO LEON"
2020-03-17,"NLE",0,13,1,0,1,14,"NUEVO LEON"
2020-03-18,"NLE",0,18,1,0,8,19,"NUEVO LEON"
2020-03-19,"NLE",0,18,1,0,35,19,"NUEVO LEON"
2020-03-20,"NLE",0,24,5,0,1,29,"NUEVO LEON"
2020-03-21,"NLE",0,27,5,0,5,32,"NUEVO LEON"
2020-03-22,"NLE",0,30,5,0,4,35,"NUEVO LEON"
2020-03-23,"NLE",0,31,9,NA,6,40,"NUEVO LEON"
2020-03-24,"NLE",0,42,10,NA,1,52,"NUEVO LEON"
2020-03-25,"NLE",0,42,10,NA,75,52,"NUEVO LEON"
2020-03-26,"NLE",0,46,11,NA,103,57,"NUEVO LEON"
2020-03-27,"NLE",0,51,13,NA,43,64,"NUEVO LEON"
2020-03-28,"NLE",0,51,13,NA,66,64,"NUEVO LEON"
2020-03-29,"NLE",0,52,15,NA,130,67,"NUEVO LEON"
2020-03-30,"NLE",0,55,20,NA,161,75,"NUEVO LEON"
2020-03-31,"NLE",0,55,21,NA,148,76,"NUEVO LEON"
2020-01-23,"OAX",0,0,0,0,NA,0,"OAXACA"
2020-01-24,"OAX",0,0,0,0,NA,0,"OAXACA"
2020-01-25,"OAX",0,0,0,0,NA,0,"OAXACA"
2020-01-26,"OAX",0,0,0,0,NA,0,"OAXACA"
2020-01-27,"OAX",0,0,0,0,NA,0,"OAXACA"
2020-01-28,"OAX",0,0,0,0,NA,0,"OAXACA"
2020-01-29,"OAX",0,0,0,0,NA,0,"OAXACA"
2020-01-30,"OAX",0,0,0,0,NA,0,"OAXACA"
2020-01-31,"OAX",0,0,0,0,NA,0,"OAXACA"
2020-02-01,"OAX",0,0,0,0,NA,0,"OAXACA"
2020-02-02,"OAX",0,0,0,0,NA,0,"OAXACA"
2020-02-03,"OAX",0,0,0,0,NA,0,"OAXACA"
2020-02-04,"OAX",0,0,0,0,NA,0,"OAXACA"
2020-02-05,"OAX",0,0,0,0,NA,0,"OAXACA"
2020-02-06,"OAX",0,0,0,0,NA,0,"OAXACA"
2020-02-07,"OAX",0,0,0,0,NA,0,"OAXACA"
2020-02-08,"OAX",0,0,0,0,NA,0,"OAXACA"
2020-02-09,"OAX",0,0,0,0,NA,0,"OAXACA"
2020-02-10,"OAX",0,0,0,0,NA,0,"OAXACA"
2020-02-11,"OAX",0,0,0,0,NA,0,"OAXACA"
2020-02-12,"OAX",0,0,0,0,NA,0,"OAXACA"
2020-02-13,"OAX",0,0,0,0,NA,0,"OAXACA"
2020-02-14,"OAX",0,0,0,0,NA,0,"OAXACA"
2020-02-15,"OAX",0,0,0,0,NA,0,"OAXACA"
2020-02-16,"OAX",0,0,0,0,NA,0,"OAXACA"
2020-02-17,"OAX",0,0,0,0,NA,0,"OAXACA"
2020-02-18,"OAX",0,0,0,0,NA,0,"OAXACA"
2020-02-19,"OAX",0,0,0,0,NA,0,"OAXACA"
2020-02-20,"OAX",0,0,0,0,NA,0,"OAXACA"
2020-02-21,"OAX",0,0,0,0,NA,0,"OAXACA"
2020-02-22,"OAX",0,0,0,0,NA,0,"OAXACA"
2020-02-23,"OAX",0,0,0,0,NA,0,"OAXACA"
2020-02-24,"OAX",0,0,0,0,NA,0,"OAXACA"
2020-02-25,"OAX",0,0,0,0,NA,0,"OAXACA"
2020-02-26,"OAX",0,0,0,0,NA,0,"OAXACA"
2020-02-27,"OAX",0,0,0,0,NA,0,"OAXACA"
2020-02-28,"OAX",0,0,0,0,NA,0,"OAXACA"
2020-02-29,"OAX",0,0,0,0,NA,0,"OAXACA"
2020-03-01,"OAX",0,0,0,0,NA,0,"OAXACA"
2020-03-02,"OAX",0,0,0,0,NA,0,"OAXACA"
2020-03-03,"OAX",0,0,0,0,NA,0,"OAXACA"
2020-03-04,"OAX",0,0,0,0,NA,0,"OAXACA"
2020-03-05,"OAX",0,0,0,0,NA,0,"OAXACA"
2020-03-06,"OAX",0,0,0,0,NA,0,"OAXACA"
2020-03-07,"OAX",0,0,0,0,NA,0,"OAXACA"
2020-03-08,"OAX",0,0,0,0,NA,0,"OAXACA"
2020-03-09,"OAX",0,0,0,0,NA,0,"OAXACA"
2020-03-10,"OAX",0,0,0,0,NA,0,"OAXACA"
2020-03-11,"OAX",0,0,0,0,NA,0,"OAXACA"
2020-03-12,"OAX",0,0,0,0,NA,0,"OAXACA"
2020-03-13,"OAX",0,0,0,0,NA,0,"OAXACA"
2020-03-14,"OAX",0,2,0,0,3,2,"OAXACA"
2020-03-15,"OAX",0,2,0,0,2,2,"OAXACA"
2020-03-16,"OAX",0,2,0,0,2,2,"OAXACA"
2020-03-17,"OAX",0,2,0,0,6,2,"OAXACA"
2020-03-18,"OAX",0,2,0,0,1,2,"OAXACA"
2020-03-19,"OAX",0,2,0,0,8,2,"OAXACA"
2020-03-20,"OAX",0,2,0,0,7,2,"OAXACA"
2020-03-21,"OAX",0,2,0,0,0,2,"OAXACA"
2020-03-22,"OAX",0,2,1,0,2,3,"OAXACA"
2020-03-23,"OAX",0,3,1,NA,0,4,"OAXACA"
2020-03-24,"OAX",0,3,1,NA,10,4,"OAXACA"
2020-03-25,"OAX",0,3,4,NA,11,7,"OAXACA"
2020-03-26,"OAX",0,3,5,NA,24,8,"OAXACA"
2020-03-27,"OAX",0,3,8,NA,33,11,"OAXACA"
2020-03-28,"OAX",0,4,8,NA,36,12,"OAXACA"
2020-03-29,"OAX",0,5,9,NA,25,14,"OAXACA"
2020-03-30,"OAX",1,5,9,NA,30,14,"OAXACA"
2020-03-31,"OAX",1,5,9,NA,50,14,"OAXACA"
2020-01-23,"PUE",0,0,0,0,NA,0,"PUEBLA"
2020-01-24,"PUE",0,0,0,0,NA,0,"PUEBLA"
2020-01-25,"PUE",0,0,0,0,NA,0,"PUEBLA"
2020-01-26,"PUE",0,0,0,0,NA,0,"PUEBLA"
2020-01-27,"PUE",0,0,0,0,NA,0,"PUEBLA"
2020-01-28,"PUE",0,0,0,0,NA,0,"PUEBLA"
2020-01-29,"PUE",0,0,0,0,NA,0,"PUEBLA"
2020-01-30,"PUE",0,0,0,0,NA,0,"PUEBLA"
2020-01-31,"PUE",0,0,0,0,NA,0,"PUEBLA"
2020-02-01,"PUE",0,0,0,0,NA,0,"PUEBLA"
2020-02-02,"PUE",0,0,0,0,NA,0,"PUEBLA"
2020-02-03,"PUE",0,0,0,0,NA,0,"PUEBLA"
2020-02-04,"PUE",0,0,0,0,NA,0,"PUEBLA"
2020-02-05,"PUE",0,0,0,0,NA,0,"PUEBLA"
2020-02-06,"PUE",0,0,0,0,NA,0,"PUEBLA"
2020-02-07,"PUE",0,0,0,0,NA,0,"PUEBLA"
2020-02-08,"PUE",0,0,0,0,NA,0,"PUEBLA"
2020-02-09,"PUE",0,0,0,0,NA,0,"PUEBLA"
2020-02-10,"PUE",0,0,0,0,NA,0,"PUEBLA"
2020-02-11,"PUE",0,0,0,0,NA,0,"PUEBLA"
2020-02-12,"PUE",0,0,0,0,NA,0,"PUEBLA"
2020-02-13,"PUE",0,0,0,0,NA,0,"PUEBLA"
2020-02-14,"PUE",0,0,0,0,NA,0,"PUEBLA"
2020-02-15,"PUE",0,0,0,0,NA,0,"PUEBLA"
2020-02-16,"PUE",0,0,0,0,NA,0,"PUEBLA"
2020-02-17,"PUE",0,0,0,0,NA,0,"PUEBLA"
2020-02-18,"PUE",0,0,0,0,NA,0,"PUEBLA"
2020-02-19,"PUE",0,0,0,0,NA,0,"PUEBLA"
2020-02-20,"PUE",0,0,0,0,NA,0,"PUEBLA"
2020-02-21,"PUE",0,0,0,0,NA,0,"PUEBLA"
2020-02-22,"PUE",0,0,0,0,NA,0,"PUEBLA"
2020-02-23,"PUE",0,0,0,0,NA,0,"PUEBLA"
2020-02-24,"PUE",0,0,0,0,NA,0,"PUEBLA"
2020-02-25,"PUE",0,0,0,0,NA,0,"PUEBLA"
2020-02-26,"PUE",0,0,0,0,NA,0,"PUEBLA"
2020-02-27,"PUE",0,0,0,0,NA,0,"PUEBLA"
2020-02-28,"PUE",0,0,0,0,NA,0,"PUEBLA"
2020-02-29,"PUE",0,0,0,0,NA,0,"PUEBLA"
2020-03-01,"PUE",0,0,0,0,NA,0,"PUEBLA"
2020-03-02,"PUE",0,0,0,0,NA,0,"PUEBLA"
2020-03-03,"PUE",0,0,0,0,NA,0,"PUEBLA"
2020-03-04,"PUE",0,0,0,0,NA,0,"PUEBLA"
2020-03-05,"PUE",0,0,0,0,NA,0,"PUEBLA"
2020-03-06,"PUE",0,0,0,0,NA,0,"PUEBLA"
2020-03-07,"PUE",0,0,0,0,NA,0,"PUEBLA"
2020-03-08,"PUE",0,0,0,0,NA,0,"PUEBLA"
2020-03-09,"PUE",0,0,0,0,NA,0,"PUEBLA"
2020-03-10,"PUE",0,0,0,0,NA,0,"PUEBLA"
2020-03-11,"PUE",0,1,0,0,NA,1,"PUEBLA"
2020-03-12,"PUE",0,1,0,0,NA,1,"PUEBLA"
2020-03-13,"PUE",0,2,0,0,NA,2,"PUEBLA"
2020-03-14,"PUE",0,3,0,0,1,3,"PUEBLA"
2020-03-15,"PUE",0,5,1,0,2,6,"PUEBLA"
2020-03-16,"PUE",0,7,1,0,2,8,"PUEBLA"
2020-03-17,"PUE",0,8,1,0,3,9,"PUEBLA"
2020-03-18,"PUE",0,8,1,0,10,9,"PUEBLA"
2020-03-19,"PUE",0,9,2,0,17,11,"PUEBLA"
2020-03-20,"PUE",0,12,2,0,18,14,"PUEBLA"
2020-03-21,"PUE",0,14,2,0,33,16,"PUEBLA"
2020-03-22,"PUE",0,14,2,0,40,16,"PUEBLA"
2020-03-23,"PUE",0,14,2,NA,42,16,"PUEBLA"
2020-03-24,"PUE",0,19,3,NA,38,22,"PUEBLA"
2020-03-25,"PUE",0,25,9,NA,66,34,"PUEBLA"
2020-03-26,"PUE",0,30,15,NA,68,45,"PUEBLA"
2020-03-27,"PUE",0,32,19,NA,96,51,"PUEBLA"
2020-03-28,"PUE",0,32,20,NA,105,52,"PUEBLA"
2020-03-29,"PUE",1,36,30,NA,70,66,"PUEBLA"
2020-03-30,"PUE",1,37,39,NA,88,76,"PUEBLA"
2020-03-31,"PUE",1,37,44,NA,121,81,"PUEBLA"
2020-01-23,"QUE",0,0,0,0,NA,0,"QUERETARO"
2020-01-24,"QUE",0,0,0,0,NA,0,"QUERETARO"
2020-01-25,"QUE",0,0,0,0,NA,0,"QUERETARO"
2020-01-26,"QUE",0,0,0,0,NA,0,"QUERETARO"
2020-01-27,"QUE",0,0,0,0,NA,0,"QUERETARO"
2020-01-28,"QUE",0,0,0,0,NA,0,"QUERETARO"
2020-01-29,"QUE",0,0,0,0,NA,0,"QUERETARO"
2020-01-30,"QUE",0,0,0,0,NA,0,"QUERETARO"
2020-01-31,"QUE",0,0,0,0,NA,0,"QUERETARO"
2020-02-01,"QUE",0,0,0,0,NA,0,"QUERETARO"
2020-02-02,"QUE",0,0,0,0,NA,0,"QUERETARO"
2020-02-03,"QUE",0,0,0,0,NA,0,"QUERETARO"
2020-02-04,"QUE",0,0,0,0,NA,0,"QUERETARO"
2020-02-05,"QUE",0,0,0,0,NA,0,"QUERETARO"
2020-02-06,"QUE",0,0,0,0,NA,0,"QUERETARO"
2020-02-07,"QUE",0,0,0,0,NA,0,"QUERETARO"
2020-02-08,"QUE",0,0,0,0,NA,0,"QUERETARO"
2020-02-09,"QUE",0,0,0,0,NA,0,"QUERETARO"
2020-02-10,"QUE",0,0,0,0,NA,0,"QUERETARO"
2020-02-11,"QUE",0,0,0,0,NA,0,"QUERETARO"
2020-02-12,"QUE",0,0,0,0,NA,0,"QUERETARO"
2020-02-13,"QUE",0,0,0,0,NA,0,"QUERETARO"
2020-02-14,"QUE",0,0,0,0,NA,0,"QUERETARO"
2020-02-15,"QUE",0,0,0,0,NA,0,"QUERETARO"
2020-02-16,"QUE",0,0,0,0,NA,0,"QUERETARO"
2020-02-17,"QUE",0,0,0,0,NA,0,"QUERETARO"
2020-02-18,"QUE",0,0,0,0,NA,0,"QUERETARO"
2020-02-19,"QUE",0,0,0,0,NA,0,"QUERETARO"
2020-02-20,"QUE",0,0,0,0,NA,0,"QUERETARO"
2020-02-21,"QUE",0,0,0,0,NA,0,"QUERETARO"
2020-02-22,"QUE",0,0,0,0,NA,0,"QUERETARO"
2020-02-23,"QUE",0,0,0,0,NA,0,"QUERETARO"
2020-02-24,"QUE",0,0,0,0,NA,0,"QUERETARO"
2020-02-25,"QUE",0,0,0,0,NA,0,"QUERETARO"
2020-02-26,"QUE",0,0,0,0,NA,0,"QUERETARO"
2020-02-27,"QUE",0,0,0,0,NA,0,"QUERETARO"
2020-02-28,"QUE",0,0,0,0,NA,0,"QUERETARO"
2020-02-29,"QUE",0,0,0,0,NA,0,"QUERETARO"
2020-03-01,"QUE",0,0,0,0,NA,0,"QUERETARO"
2020-03-02,"QUE",0,0,0,0,NA,0,"QUERETARO"
2020-03-03,"QUE",0,0,0,0,NA,0,"QUERETARO"
2020-03-04,"QUE",0,0,0,0,NA,0,"QUERETARO"
2020-03-05,"QUE",0,0,0,0,NA,0,"QUERETARO"
2020-03-06,"QUE",0,0,0,0,NA,0,"QUERETARO"
2020-03-07,"QUE",0,0,0,0,NA,0,"QUERETARO"
2020-03-08,"QUE",0,0,0,0,NA,0,"QUERETARO"
2020-03-09,"QUE",0,0,0,0,NA,0,"QUERETARO"
2020-03-10,"QUE",0,0,0,0,NA,0,"QUERETARO"
2020-03-11,"QUE",0,1,0,0,NA,1,"QUERETARO"
2020-03-12,"QUE",0,1,0,0,NA,1,"QUERETARO"
2020-03-13,"QUE",0,2,2,0,NA,4,"QUERETARO"
2020-03-14,"QUE",0,2,2,0,12,4,"QUERETARO"
2020-03-15,"QUE",0,4,2,0,11,6,"QUERETARO"
2020-03-16,"QUE",0,5,2,0,10,7,"QUERETARO"
2020-03-17,"QUE",0,5,2,0,8,7,"QUERETARO"
2020-03-18,"QUE",0,5,2,0,5,7,"QUERETARO"
2020-03-19,"QUE",0,7,2,0,10,9,"QUERETARO"
2020-03-20,"QUE",0,9,2,0,17,11,"QUERETARO"
2020-03-21,"QUE",0,11,3,0,9,14,"QUERETARO"
2020-03-22,"QUE",0,11,3,0,16,14,"QUERETARO"
2020-03-23,"QUE",0,12,4,NA,25,16,"QUERETARO"
2020-03-24,"QUE",0,12,4,NA,31,16,"QUERETARO"
2020-03-25,"QUE",0,14,4,NA,41,18,"QUERETARO"
2020-03-26,"QUE",0,15,6,NA,46,21,"QUERETARO"
2020-03-27,"QUE",0,16,7,NA,54,23,"QUERETARO"
2020-03-28,"QUE",0,16,9,NA,56,25,"QUERETARO"
2020-03-29,"QUE",0,16,10,NA,47,26,"QUERETARO"
2020-03-30,"QUE",1,16,11,NA,43,27,"QUERETARO"
2020-03-31,"QUE",1,16,13,NA,61,29,"QUERETARO"
2020-01-23,"ROO",0,0,0,0,NA,0,"QUINTANA ROO"
2020-01-24,"ROO",0,0,0,0,NA,0,"QUINTANA ROO"
2020-01-25,"ROO",0,0,0,0,NA,0,"QUINTANA ROO"
2020-01-26,"ROO",0,0,0,0,NA,0,"QUINTANA ROO"
2020-01-27,"ROO",0,0,0,0,NA,0,"QUINTANA ROO"
2020-01-28,"ROO",0,0,0,0,NA,0,"QUINTANA ROO"
2020-01-29,"ROO",0,0,0,0,NA,0,"QUINTANA ROO"
2020-01-30,"ROO",0,0,0,0,NA,0,"QUINTANA ROO"
2020-01-31,"ROO",0,0,0,0,NA,0,"QUINTANA ROO"
2020-02-01,"ROO",0,0,0,0,NA,0,"QUINTANA ROO"
2020-02-02,"ROO",0,0,0,0,NA,0,"QUINTANA ROO"
2020-02-03,"ROO",0,0,0,0,NA,0,"QUINTANA ROO"
2020-02-04,"ROO",0,0,0,0,NA,0,"QUINTANA ROO"
2020-02-05,"ROO",0,0,0,0,NA,0,"QUINTANA ROO"
2020-02-06,"ROO",0,0,0,0,NA,0,"QUINTANA ROO"
2020-02-07,"ROO",0,0,0,0,NA,0,"QUINTANA ROO"
2020-02-08,"ROO",0,0,0,0,NA,0,"QUINTANA ROO"
2020-02-09,"ROO",0,0,0,0,NA,0,"QUINTANA ROO"
2020-02-10,"ROO",0,0,0,0,NA,0,"QUINTANA ROO"
2020-02-11,"ROO",0,0,0,0,NA,0,"QUINTANA ROO"
2020-02-12,"ROO",0,0,0,0,NA,0,"QUINTANA ROO"
2020-02-13,"ROO",0,0,0,0,NA,0,"QUINTANA ROO"
2020-02-14,"ROO",0,0,0,0,NA,0,"QUINTANA ROO"
2020-02-15,"ROO",0,0,0,0,NA,0,"QUINTANA ROO"
2020-02-16,"ROO",0,0,0,0,NA,0,"QUINTANA ROO"
2020-02-17,"ROO",0,0,0,0,NA,0,"QUINTANA ROO"
2020-02-18,"ROO",0,0,0,0,NA,0,"QUINTANA ROO"
2020-02-19,"ROO",0,0,0,0,NA,0,"QUINTANA ROO"
2020-02-20,"ROO",0,0,0,0,NA,0,"QUINTANA ROO"
2020-02-21,"ROO",0,0,0,0,NA,0,"QUINTANA ROO"
2020-02-22,"ROO",0,0,0,0,NA,0,"QUINTANA ROO"
2020-02-23,"ROO",0,0,0,0,NA,0,"QUINTANA ROO"
2020-02-24,"ROO",0,0,0,0,NA,0,"QUINTANA ROO"
2020-02-25,"ROO",0,0,0,0,NA,0,"QUINTANA ROO"
2020-02-26,"ROO",0,0,0,0,NA,0,"QUINTANA ROO"
2020-02-27,"ROO",0,0,0,0,NA,0,"QUINTANA ROO"
2020-02-28,"ROO",0,0,0,0,NA,0,"QUINTANA ROO"
2020-02-29,"ROO",0,0,0,0,NA,0,"QUINTANA ROO"
2020-03-01,"ROO",0,0,0,0,NA,0,"QUINTANA ROO"
2020-03-02,"ROO",0,0,0,0,NA,0,"QUINTANA ROO"
2020-03-03,"ROO",0,0,0,0,NA,0,"QUINTANA ROO"
2020-03-04,"ROO",0,0,0,0,NA,0,"QUINTANA ROO"
2020-03-05,"ROO",0,0,0,0,NA,0,"QUINTANA ROO"
2020-03-06,"ROO",0,0,0,0,NA,0,"QUINTANA ROO"
2020-03-07,"ROO",0,0,0,0,NA,0,"QUINTANA ROO"
2020-03-08,"ROO",0,0,0,0,NA,0,"QUINTANA ROO"
2020-03-09,"ROO",0,0,0,0,NA,0,"QUINTANA ROO"
2020-03-10,"ROO",0,0,0,0,NA,0,"QUINTANA ROO"
2020-03-11,"ROO",0,0,0,0,NA,0,"QUINTANA ROO"
2020-03-12,"ROO",0,0,0,0,NA,0,"QUINTANA ROO"
2020-03-13,"ROO",0,1,0,0,NA,1,"QUINTANA ROO"
2020-03-14,"ROO",0,1,0,0,8,1,"QUINTANA ROO"
2020-03-15,"ROO",0,1,0,0,7,1,"QUINTANA ROO"
2020-03-16,"ROO",0,3,1,0,9,4,"QUINTANA ROO"
2020-03-17,"ROO",0,3,1,0,19,4,"QUINTANA ROO"
2020-03-18,"ROO",0,5,1,0,12,6,"QUINTANA ROO"
2020-03-19,"ROO",0,5,1,0,29,6,"QUINTANA ROO"
2020-03-20,"ROO",0,8,3,0,23,11,"QUINTANA ROO"
2020-03-21,"ROO",0,9,3,0,27,12,"QUINTANA ROO"
2020-03-22,"ROO",0,9,3,0,38,12,"QUINTANA ROO"
2020-03-23,"ROO",0,15,6,NA,19,21,"QUINTANA ROO"
2020-03-24,"ROO",0,16,6,NA,20,22,"QUINTANA ROO"
2020-03-25,"ROO",0,16,6,NA,30,22,"QUINTANA ROO"
2020-03-26,"ROO",0,21,8,NA,37,29,"QUINTANA ROO"
2020-03-27,"ROO",0,21,8,NA,53,29,"QUINTANA ROO"
2020-03-28,"ROO",1,23,10,NA,52,33,"QUINTANA ROO"
2020-03-29,"ROO",1,24,14,NA,45,38,"QUINTANA ROO"
2020-03-30,"ROO",1,24,19,NA,35,43,"QUINTANA ROO"
2020-03-31,"ROO",1,24,23,NA,43,47,"QUINTANA ROO"
2020-01-23,"SIN",0,0,0,0,NA,0,"SINALOA"
2020-01-24,"SIN",0,0,0,0,NA,0,"SINALOA"
2020-01-25,"SIN",0,0,0,0,NA,0,"SINALOA"
2020-01-26,"SIN",0,0,0,0,NA,0,"SINALOA"
2020-01-27,"SIN",0,0,0,0,NA,0,"SINALOA"
2020-01-28,"SIN",0,0,0,0,NA,0,"SINALOA"
2020-01-29,"SIN",0,0,0,0,NA,0,"SINALOA"
2020-01-30,"SIN",0,0,0,0,NA,0,"SINALOA"
2020-01-31,"SIN",0,0,0,0,NA,0,"SINALOA"
2020-02-01,"SIN",0,0,0,0,NA,0,"SINALOA"
2020-02-02,"SIN",0,0,0,0,NA,0,"SINALOA"
2020-02-03,"SIN",0,0,0,0,NA,0,"SINALOA"
2020-02-04,"SIN",0,0,0,0,NA,0,"SINALOA"
2020-02-05,"SIN",0,0,0,0,NA,0,"SINALOA"
2020-02-06,"SIN",0,0,0,0,NA,0,"SINALOA"
2020-02-07,"SIN",0,0,0,0,NA,0,"SINALOA"
2020-02-08,"SIN",0,0,0,0,NA,0,"SINALOA"
2020-02-09,"SIN",0,0,0,0,NA,0,"SINALOA"
2020-02-10,"SIN",0,0,0,0,NA,0,"SINALOA"
2020-02-11,"SIN",0,0,0,0,NA,0,"SINALOA"
2020-02-12,"SIN",0,0,0,0,NA,0,"SINALOA"
2020-02-13,"SIN",0,0,0,0,NA,0,"SINALOA"
2020-02-14,"SIN",0,0,0,0,NA,0,"SINALOA"
2020-02-15,"SIN",0,0,0,0,NA,0,"SINALOA"
2020-02-16,"SIN",0,0,0,0,NA,0,"SINALOA"
2020-02-17,"SIN",0,0,0,0,NA,0,"SINALOA"
2020-02-18,"SIN",0,0,0,0,NA,0,"SINALOA"
2020-02-19,"SIN",0,0,0,0,NA,0,"SINALOA"
2020-02-20,"SIN",0,0,0,0,NA,0,"SINALOA"
2020-02-21,"SIN",0,0,0,0,NA,0,"SINALOA"
2020-02-22,"SIN",0,0,0,0,NA,0,"SINALOA"
2020-02-23,"SIN",0,0,0,0,NA,0,"SINALOA"
2020-02-24,"SIN",0,0,0,0,NA,0,"SINALOA"
2020-02-25,"SIN",0,0,0,0,NA,0,"SINALOA"
2020-02-26,"SIN",0,0,0,0,NA,0,"SINALOA"
2020-02-27,"SIN",0,0,0,0,NA,0,"SINALOA"
2020-02-28,"SIN",0,1,0,0,NA,1,"SINALOA"
2020-02-29,"SIN",0,1,0,0,NA,1,"SINALOA"
2020-03-01,"SIN",0,1,0,0,NA,1,"SINALOA"
2020-03-02,"SIN",0,1,0,0,NA,1,"SINALOA"
2020-03-03,"SIN",0,1,0,0,NA,1,"SINALOA"
2020-03-04,"SIN",0,1,0,0,NA,1,"SINALOA"
2020-03-05,"SIN",0,1,0,0,NA,1,"SINALOA"
2020-03-06,"SIN",0,1,0,0,NA,1,"SINALOA"
2020-03-07,"SIN",0,1,0,0,NA,1,"SINALOA"
2020-03-08,"SIN",0,1,0,0,NA,1,"SINALOA"
2020-03-09,"SIN",0,1,0,0,NA,1,"SINALOA"
2020-03-10,"SIN",0,1,0,0,NA,1,"SINALOA"
2020-03-11,"SIN",0,1,0,1,NA,1,"SINALOA"
2020-03-12,"SIN",0,1,0,1,NA,1,"SINALOA"
2020-03-13,"SIN",0,1,0,1,NA,1,"SINALOA"
2020-03-14,"SIN",0,1,0,1,3,1,"SINALOA"
2020-03-15,"SIN",0,2,0,1,3,2,"SINALOA"
2020-03-16,"SIN",0,2,0,1,4,2,"SINALOA"
2020-03-17,"SIN",0,2,0,1,1,2,"SINALOA"
2020-03-18,"SIN",0,2,0,1,5,2,"SINALOA"
2020-03-19,"SIN",0,3,0,1,4,3,"SINALOA"
2020-03-20,"SIN",0,3,0,1,5,3,"SINALOA"
2020-03-21,"SIN",0,3,0,1,10,3,"SINALOA"
2020-03-22,"SIN",0,3,1,1,9,4,"SINALOA"
2020-03-23,"SIN",0,3,1,NA,12,4,"SINALOA"
2020-03-24,"SIN",0,3,1,NA,23,4,"SINALOA"
2020-03-25,"SIN",0,3,1,NA,46,4,"SINALOA"
2020-03-26,"SIN",0,5,3,NA,54,8,"SINALOA"
2020-03-27,"SIN",0,5,4,NA,60,9,"SINALOA"
2020-03-28,"SIN",0,5,9,NA,84,14,"SINALOA"
2020-03-29,"SIN",0,5,14,NA,88,19,"SINALOA"
2020-03-30,"SIN",3,6,18,NA,77,24,"SINALOA"
2020-03-31,"SIN",3,6,21,NA,125,27,"SINALOA"
2020-01-23,"SLP",0,0,0,0,NA,0,"SAN LUIS POTOSI"
2020-01-24,"SLP",0,0,0,0,NA,0,"SAN LUIS POTOSI"
2020-01-25,"SLP",0,0,0,0,NA,0,"SAN LUIS POTOSI"
2020-01-26,"SLP",0,0,0,0,NA,0,"SAN LUIS POTOSI"
2020-01-27,"SLP",0,0,0,0,NA,0,"SAN LUIS POTOSI"
2020-01-28,"SLP",0,0,0,0,NA,0,"SAN LUIS POTOSI"
2020-01-29,"SLP",0,0,0,0,NA,0,"SAN LUIS POTOSI"
2020-01-30,"SLP",0,0,0,0,NA,0,"SAN LUIS POTOSI"
2020-01-31,"SLP",0,0,0,0,NA,0,"SAN LUIS POTOSI"
2020-02-01,"SLP",0,0,0,0,NA,0,"SAN LUIS POTOSI"
2020-02-02,"SLP",0,0,0,0,NA,0,"SAN LUIS POTOSI"
2020-02-03,"SLP",0,0,0,0,NA,0,"SAN LUIS POTOSI"
2020-02-04,"SLP",0,0,0,0,NA,0,"SAN LUIS POTOSI"
2020-02-05,"SLP",0,0,0,0,NA,0,"SAN LUIS POTOSI"
2020-02-06,"SLP",0,0,0,0,NA,0,"SAN LUIS POTOSI"
2020-02-07,"SLP",0,0,0,0,NA,0,"SAN LUIS POTOSI"
2020-02-08,"SLP",0,0,0,0,NA,0,"SAN LUIS POTOSI"
2020-02-09,"SLP",0,0,0,0,NA,0,"SAN LUIS POTOSI"
2020-02-10,"SLP",0,0,0,0,NA,0,"SAN LUIS POTOSI"
2020-02-11,"SLP",0,0,0,0,NA,0,"SAN LUIS POTOSI"
2020-02-12,"SLP",0,0,0,0,NA,0,"SAN LUIS POTOSI"
2020-02-13,"SLP",0,0,0,0,NA,0,"SAN LUIS POTOSI"
2020-02-14,"SLP",0,0,0,0,NA,0,"SAN LUIS POTOSI"
2020-02-15,"SLP",0,0,0,0,NA,0,"SAN LUIS POTOSI"
2020-02-16,"SLP",0,0,0,0,NA,0,"SAN LUIS POTOSI"
2020-02-17,"SLP",0,0,0,0,NA,0,"SAN LUIS POTOSI"
2020-02-18,"SLP",0,0,0,0,NA,0,"SAN LUIS POTOSI"
2020-02-19,"SLP",0,0,0,0,NA,0,"SAN LUIS POTOSI"
2020-02-20,"SLP",0,0,0,0,NA,0,"SAN LUIS POTOSI"
2020-02-21,"SLP",0,0,0,0,NA,0,"SAN LUIS POTOSI"
2020-02-22,"SLP",0,0,0,0,NA,0,"SAN LUIS POTOSI"
2020-02-23,"SLP",0,0,0,0,NA,0,"SAN LUIS POTOSI"
2020-02-24,"SLP",0,0,0,0,NA,0,"SAN LUIS POTOSI"
2020-02-25,"SLP",0,0,0,0,NA,0,"SAN LUIS POTOSI"
2020-02-26,"SLP",0,0,0,0,NA,0,"SAN LUIS POTOSI"
2020-02-27,"SLP",0,0,0,0,NA,0,"SAN LUIS POTOSI"
2020-02-28,"SLP",0,0,0,0,NA,0,"SAN LUIS POTOSI"
2020-02-29,"SLP",0,0,0,0,NA,0,"SAN LUIS POTOSI"
2020-03-01,"SLP",0,0,0,0,NA,0,"SAN LUIS POTOSI"
2020-03-02,"SLP",0,0,0,0,NA,0,"SAN LUIS POTOSI"
2020-03-03,"SLP",0,0,0,0,NA,0,"SAN LUIS POTOSI"
2020-03-04,"SLP",0,0,0,0,NA,0,"SAN LUIS POTOSI"
2020-03-05,"SLP",0,0,0,0,NA,0,"SAN LUIS POTOSI"
2020-03-06,"SLP",0,0,0,0,NA,0,"SAN LUIS POTOSI"
2020-03-07,"SLP",0,0,0,0,NA,0,"SAN LUIS POTOSI"
2020-03-08,"SLP",0,0,0,0,NA,0,"SAN LUIS POTOSI"
2020-03-09,"SLP",0,0,0,0,NA,0,"SAN LUIS POTOSI"
2020-03-10,"SLP",0,0,0,0,NA,0,"SAN LUIS POTOSI"
2020-03-11,"SLP",0,0,0,0,NA,0,"SAN LUIS POTOSI"
2020-03-12,"SLP",0,0,0,0,NA,0,"SAN LUIS POTOSI"
2020-03-13,"SLP",0,0,0,0,NA,0,"SAN LUIS POTOSI"
2020-03-14,"SLP",0,1,0,0,3,1,"SAN LUIS POTOSI"
2020-03-15,"SLP",0,2,0,0,3,2,"SAN LUIS POTOSI"
2020-03-16,"SLP",0,2,0,0,8,2,"SAN LUIS POTOSI"
2020-03-17,"SLP",0,2,0,0,7,2,"SAN LUIS POTOSI"
2020-03-18,"SLP",0,3,0,0,16,3,"SAN LUIS POTOSI"
2020-03-19,"SLP",0,7,0,0,9,7,"SAN LUIS POTOSI"
2020-03-20,"SLP",0,7,0,0,14,7,"SAN LUIS POTOSI"
2020-03-21,"SLP",0,9,0,0,17,9,"SAN LUIS POTOSI"
2020-03-22,"SLP",0,11,1,0,24,12,"SAN LUIS POTOSI"
2020-03-23,"SLP",0,14,2,NA,21,16,"SAN LUIS POTOSI"
2020-03-24,"SLP",0,14,2,NA,23,16,"SAN LUIS POTOSI"
2020-03-25,"SLP",1,15,2,NA,31,17,"SAN LUIS POTOSI"
2020-03-26,"SLP",2,15,3,NA,45,18,"SAN LUIS POTOSI"
2020-03-27,"SLP",2,16,3,NA,59,19,"SAN LUIS POTOSI"
2020-03-28,"SLP",2,16,4,NA,61,20,"SAN LUIS POTOSI"
2020-03-29,"SLP",2,17,7,NA,78,24,"SAN LUIS POTOSI"
2020-03-30,"SLP",2,17,8,NA,65,25,"SAN LUIS POTOSI"
2020-03-31,"SLP",2,17,8,NA,83,25,"SAN LUIS POTOSI"
2020-01-23,"SON",0,0,0,0,NA,0,"SONORA"
2020-01-24,"SON",0,0,0,0,NA,0,"SONORA"
2020-01-25,"SON",0,0,0,0,NA,0,"SONORA"
2020-01-26,"SON",0,0,0,0,NA,0,"SONORA"
2020-01-27,"SON",0,0,0,0,NA,0,"SONORA"
2020-01-28,"SON",0,0,0,0,NA,0,"SONORA"
2020-01-29,"SON",0,0,0,0,NA,0,"SONORA"
2020-01-30,"SON",0,0,0,0,NA,0,"SONORA"
2020-01-31,"SON",0,0,0,0,NA,0,"SONORA"
2020-02-01,"SON",0,0,0,0,NA,0,"SONORA"
2020-02-02,"SON",0,0,0,0,NA,0,"SONORA"
2020-02-03,"SON",0,0,0,0,NA,0,"SONORA"
2020-02-04,"SON",0,0,0,0,NA,0,"SONORA"
2020-02-05,"SON",0,0,0,0,NA,0,"SONORA"
2020-02-06,"SON",0,0,0,0,NA,0,"SONORA"
2020-02-07,"SON",0,0,0,0,NA,0,"SONORA"
2020-02-08,"SON",0,0,0,0,NA,0,"SONORA"
2020-02-09,"SON",0,0,0,0,NA,0,"SONORA"
2020-02-10,"SON",0,0,0,0,NA,0,"SONORA"
2020-02-11,"SON",0,0,0,0,NA,0,"SONORA"
2020-02-12,"SON",0,0,0,0,NA,0,"SONORA"
2020-02-13,"SON",0,0,0,0,NA,0,"SONORA"
2020-02-14,"SON",0,0,0,0,NA,0,"SONORA"
2020-02-15,"SON",0,0,0,0,NA,0,"SONORA"
2020-02-16,"SON",0,0,0,0,NA,0,"SONORA"
2020-02-17,"SON",0,0,0,0,NA,0,"SONORA"
2020-02-18,"SON",0,0,0,0,NA,0,"SONORA"
2020-02-19,"SON",0,0,0,0,NA,0,"SONORA"
2020-02-20,"SON",0,0,0,0,NA,0,"SONORA"
2020-02-21,"SON",0,0,0,0,NA,0,"SONORA"
2020-02-22,"SON",0,0,0,0,NA,0,"SONORA"
2020-02-23,"SON",0,0,0,0,NA,0,"SONORA"
2020-02-24,"SON",0,0,0,0,NA,0,"SONORA"
2020-02-25,"SON",0,0,0,0,NA,0,"SONORA"
2020-02-26,"SON",0,0,0,0,NA,0,"SONORA"
2020-02-27,"SON",0,0,0,0,NA,0,"SONORA"
2020-02-28,"SON",0,0,0,0,NA,0,"SONORA"
2020-02-29,"SON",0,0,0,0,NA,0,"SONORA"
2020-03-01,"SON",0,0,0,0,NA,0,"SONORA"
2020-03-02,"SON",0,0,0,0,NA,0,"SONORA"
2020-03-03,"SON",0,0,0,0,NA,0,"SONORA"
2020-03-04,"SON",0,0,0,0,NA,0,"SONORA"
2020-03-05,"SON",0,0,0,0,NA,0,"SONORA"
2020-03-06,"SON",0,0,0,0,NA,0,"SONORA"
2020-03-07,"SON",0,0,0,0,NA,0,"SONORA"
2020-03-08,"SON",0,0,0,0,NA,0,"SONORA"
2020-03-09,"SON",0,0,0,0,NA,0,"SONORA"
2020-03-10,"SON",0,0,0,0,NA,0,"SONORA"
2020-03-11,"SON",0,0,0,0,NA,0,"SONORA"
2020-03-12,"SON",0,0,0,0,NA,0,"SONORA"
2020-03-13,"SON",0,0,0,0,NA,0,"SONORA"
2020-03-14,"SON",0,0,0,0,0,0,"SONORA"
2020-03-15,"SON",0,0,0,0,0,0,"SONORA"
2020-03-16,"SON",0,0,0,0,2,0,"SONORA"
2020-03-17,"SON",0,1,0,0,0,1,"SONORA"
2020-03-18,"SON",0,1,0,0,9,1,"SONORA"
2020-03-19,"SON",0,2,0,0,11,2,"SONORA"
2020-03-20,"SON",0,2,0,0,13,2,"SONORA"
2020-03-21,"SON",0,2,0,0,17,2,"SONORA"
2020-03-22,"SON",0,4,0,0,7,4,"SONORA"
2020-03-23,"SON",0,4,0,NA,13,4,"SONORA"
2020-03-24,"SON",0,4,0,NA,16,4,"SONORA"
2020-03-25,"SON",0,4,0,NA,35,4,"SONORA"
2020-03-26,"SON",0,7,0,NA,48,7,"SONORA"
2020-03-27,"SON",0,8,0,NA,53,8,"SONORA"
2020-03-28,"SON",0,9,1,NA,48,10,"SONORA"
2020-03-29,"SON",0,11,3,NA,40,14,"SONORA"
2020-03-30,"SON",0,11,6,NA,62,17,"SONORA"
2020-03-31,"SON",0,11,6,NA,98,17,"SONORA"
2020-01-23,"TAB",0,0,0,0,NA,0,"TABASCO"
2020-01-24,"TAB",0,0,0,0,NA,0,"TABASCO"
2020-01-25,"TAB",0,0,0,0,NA,0,"TABASCO"
2020-01-26,"TAB",0,0,0,0,NA,0,"TABASCO"
2020-01-27,"TAB",0,0,0,0,NA,0,"TABASCO"
2020-01-28,"TAB",0,0,0,0,NA,0,"TABASCO"
2020-01-29,"TAB",0,0,0,0,NA,0,"TABASCO"
2020-01-30,"TAB",0,0,0,0,NA,0,"TABASCO"
2020-01-31,"TAB",0,0,0,0,NA,0,"TABASCO"
2020-02-01,"TAB",0,0,0,0,NA,0,"TABASCO"
2020-02-02,"TAB",0,0,0,0,NA,0,"TABASCO"
2020-02-03,"TAB",0,0,0,0,NA,0,"TABASCO"
2020-02-04,"TAB",0,0,0,0,NA,0,"TABASCO"
2020-02-05,"TAB",0,0,0,0,NA,0,"TABASCO"
2020-02-06,"TAB",0,0,0,0,NA,0,"TABASCO"
2020-02-07,"TAB",0,0,0,0,NA,0,"TABASCO"
2020-02-08,"TAB",0,0,0,0,NA,0,"TABASCO"
2020-02-09,"TAB",0,0,0,0,NA,0,"TABASCO"
2020-02-10,"TAB",0,0,0,0,NA,0,"TABASCO"
2020-02-11,"TAB",0,0,0,0,NA,0,"TABASCO"
2020-02-12,"TAB",0,0,0,0,NA,0,"TABASCO"
2020-02-13,"TAB",0,0,0,0,NA,0,"TABASCO"
2020-02-14,"TAB",0,0,0,0,NA,0,"TABASCO"
2020-02-15,"TAB",0,0,0,0,NA,0,"TABASCO"
2020-02-16,"TAB",0,0,0,0,NA,0,"TABASCO"
2020-02-17,"TAB",0,0,0,0,NA,0,"TABASCO"
2020-02-18,"TAB",0,0,0,0,NA,0,"TABASCO"
2020-02-19,"TAB",0,0,0,0,NA,0,"TABASCO"
2020-02-20,"TAB",0,0,0,0,NA,0,"TABASCO"
2020-02-21,"TAB",0,0,0,0,NA,0,"TABASCO"
2020-02-22,"TAB",0,0,0,0,NA,0,"TABASCO"
2020-02-23,"TAB",0,0,0,0,NA,0,"TABASCO"
2020-02-24,"TAB",0,0,0,0,NA,0,"TABASCO"
2020-02-25,"TAB",0,0,0,0,NA,0,"TABASCO"
2020-02-26,"TAB",0,0,0,0,NA,0,"TABASCO"
2020-02-27,"TAB",0,0,0,0,NA,0,"TABASCO"
2020-02-28,"TAB",0,0,0,0,NA,0,"TABASCO"
2020-02-29,"TAB",0,0,0,0,NA,0,"TABASCO"
2020-03-01,"TAB",0,0,0,0,NA,0,"TABASCO"
2020-03-02,"TAB",0,0,0,0,NA,0,"TABASCO"
2020-03-03,"TAB",0,0,0,0,NA,0,"TABASCO"
2020-03-04,"TAB",0,0,0,0,NA,0,"TABASCO"
2020-03-05,"TAB",0,0,0,0,NA,0,"TABASCO"
2020-03-06,"TAB",0,0,0,0,NA,0,"TABASCO"
2020-03-07,"TAB",0,0,0,0,NA,0,"TABASCO"
2020-03-08,"TAB",0,0,0,0,NA,0,"TABASCO"
2020-03-09,"TAB",0,0,0,0,NA,0,"TABASCO"
2020-03-10,"TAB",0,0,0,0,NA,0,"TABASCO"
2020-03-11,"TAB",0,0,0,0,NA,0,"TABASCO"
2020-03-12,"TAB",0,0,0,0,NA,0,"TABASCO"
2020-03-13,"TAB",0,0,0,0,NA,0,"TABASCO"
2020-03-14,"TAB",0,0,0,0,0,0,"TABASCO"
2020-03-15,"TAB",0,0,0,0,0,0,"TABASCO"
2020-03-16,"TAB",0,0,0,0,1,0,"TABASCO"
2020-03-17,"TAB",0,0,0,0,1,0,"TABASCO"
2020-03-18,"TAB",0,1,0,0,0,1,"TABASCO"
2020-03-19,"TAB",0,1,0,0,0,1,"TABASCO"
2020-03-20,"TAB",0,2,0,0,11,2,"TABASCO"
2020-03-21,"TAB",0,4,0,0,17,4,"TABASCO"
2020-03-22,"TAB",0,5,0,0,21,5,"TABASCO"
2020-03-23,"TAB",0,6,0,NA,18,6,"TABASCO"
2020-03-24,"TAB",0,6,0,NA,29,6,"TABASCO"
2020-03-25,"TAB",0,6,0,NA,53,6,"TABASCO"
2020-03-26,"TAB",0,7,10,NA,46,17,"TABASCO"
2020-03-27,"TAB",0,8,13,NA,76,21,"TABASCO"
2020-03-28,"TAB",0,8,19,NA,109,27,"TABASCO"
2020-03-29,"TAB",0,8,25,NA,129,33,"TABASCO"
2020-03-30,"TAB",0,8,30,NA,130,38,"TABASCO"
2020-03-31,"TAB",0,10,38,NA,178,48,"TABASCO"
2020-01-23,"TAM",0,0,0,0,NA,0,"TAMAULIPAS"
2020-01-24,"TAM",0,0,0,0,NA,0,"TAMAULIPAS"
2020-01-25,"TAM",0,0,0,0,NA,0,"TAMAULIPAS"
2020-01-26,"TAM",0,0,0,0,NA,0,"TAMAULIPAS"
2020-01-27,"TAM",0,0,0,0,NA,0,"TAMAULIPAS"
2020-01-28,"TAM",0,0,0,0,NA,0,"TAMAULIPAS"
2020-01-29,"TAM",0,0,0,0,NA,0,"TAMAULIPAS"
2020-01-30,"TAM",0,0,0,0,NA,0,"TAMAULIPAS"
2020-01-31,"TAM",0,0,0,0,NA,0,"TAMAULIPAS"
2020-02-01,"TAM",0,0,0,0,NA,0,"TAMAULIPAS"
2020-02-02,"TAM",0,0,0,0,NA,0,"TAMAULIPAS"
2020-02-03,"TAM",0,0,0,0,NA,0,"TAMAULIPAS"
2020-02-04,"TAM",0,0,0,0,NA,0,"TAMAULIPAS"
2020-02-05,"TAM",0,0,0,0,NA,0,"TAMAULIPAS"
2020-02-06,"TAM",0,0,0,0,NA,0,"TAMAULIPAS"
2020-02-07,"TAM",0,0,0,0,NA,0,"TAMAULIPAS"
2020-02-08,"TAM",0,0,0,0,NA,0,"TAMAULIPAS"
2020-02-09,"TAM",0,0,0,0,NA,0,"TAMAULIPAS"
2020-02-10,"TAM",0,0,0,0,NA,0,"TAMAULIPAS"
2020-02-11,"TAM",0,0,0,0,NA,0,"TAMAULIPAS"
2020-02-12,"TAM",0,0,0,0,NA,0,"TAMAULIPAS"
2020-02-13,"TAM",0,0,0,0,NA,0,"TAMAULIPAS"
2020-02-14,"TAM",0,0,0,0,NA,0,"TAMAULIPAS"
2020-02-15,"TAM",0,0,0,0,NA,0,"TAMAULIPAS"
2020-02-16,"TAM",0,0,0,0,NA,0,"TAMAULIPAS"
2020-02-17,"TAM",0,0,0,0,NA,0,"TAMAULIPAS"
2020-02-18,"TAM",0,0,0,0,NA,0,"TAMAULIPAS"
2020-02-19,"TAM",0,0,0,0,NA,0,"TAMAULIPAS"
2020-02-20,"TAM",0,0,0,0,NA,0,"TAMAULIPAS"
2020-02-21,"TAM",0,0,0,0,NA,0,"TAMAULIPAS"
2020-02-22,"TAM",0,0,0,0,NA,0,"TAMAULIPAS"
2020-02-23,"TAM",0,0,0,0,NA,0,"TAMAULIPAS"
2020-02-24,"TAM",0,0,0,0,NA,0,"TAMAULIPAS"
2020-02-25,"TAM",0,0,0,0,NA,0,"TAMAULIPAS"
2020-02-26,"TAM",0,0,0,0,NA,0,"TAMAULIPAS"
2020-02-27,"TAM",0,0,0,0,NA,0,"TAMAULIPAS"
2020-02-28,"TAM",0,0,0,0,NA,0,"TAMAULIPAS"
2020-02-29,"TAM",0,0,0,0,NA,0,"TAMAULIPAS"
2020-03-01,"TAM",0,0,0,0,NA,0,"TAMAULIPAS"
2020-03-02,"TAM",0,0,0,0,NA,0,"TAMAULIPAS"
2020-03-03,"TAM",0,0,0,0,NA,0,"TAMAULIPAS"
2020-03-04,"TAM",0,0,0,0,NA,0,"TAMAULIPAS"
2020-03-05,"TAM",0,0,0,0,NA,0,"TAMAULIPAS"
2020-03-06,"TAM",0,0,0,0,NA,0,"TAMAULIPAS"
2020-03-07,"TAM",0,0,0,0,NA,0,"TAMAULIPAS"
2020-03-08,"TAM",0,0,0,0,NA,0,"TAMAULIPAS"
2020-03-09,"TAM",0,0,0,0,NA,0,"TAMAULIPAS"
2020-03-10,"TAM",0,0,0,0,NA,0,"TAMAULIPAS"
2020-03-11,"TAM",0,0,0,0,NA,0,"TAMAULIPAS"
2020-03-12,"TAM",0,0,0,0,NA,0,"TAMAULIPAS"
2020-03-13,"TAM",0,0,0,0,NA,0,"TAMAULIPAS"
2020-03-14,"TAM",0,0,0,0,3,0,"TAMAULIPAS"
2020-03-15,"TAM",0,0,0,0,0,0,"TAMAULIPAS"
2020-03-16,"TAM",0,0,0,0,1,0,"TAMAULIPAS"
2020-03-17,"TAM",0,1,0,0,2,1,"TAMAULIPAS"
2020-03-18,"TAM",0,2,0,0,2,2,"TAMAULIPAS"
2020-03-19,"TAM",0,2,0,0,5,2,"TAMAULIPAS"
2020-03-20,"TAM",0,2,0,0,8,2,"TAMAULIPAS"
2020-03-21,"TAM",0,3,0,0,3,3,"TAMAULIPAS"
2020-03-22,"TAM",0,4,0,0,4,4,"TAMAULIPAS"
2020-03-23,"TAM",0,4,1,NA,3,5,"TAMAULIPAS"
2020-03-24,"TAM",0,4,1,NA,9,5,"TAMAULIPAS"
2020-03-25,"TAM",0,4,2,NA,13,6,"TAMAULIPAS"
2020-03-26,"TAM",0,4,2,NA,17,6,"TAMAULIPAS"
2020-03-27,"TAM",0,4,2,NA,23,6,"TAMAULIPAS"
2020-03-28,"TAM",0,4,2,NA,33,6,"TAMAULIPAS"
2020-03-29,"TAM",0,5,2,NA,29,7,"TAMAULIPAS"
2020-03-30,"TAM",0,6,2,NA,32,8,"TAMAULIPAS"
2020-03-31,"TAM",0,6,2,NA,54,8,"TAMAULIPAS"
2020-01-23,"TLA",0,0,0,0,NA,0,"TLAXCALA"
2020-01-24,"TLA",0,0,0,0,NA,0,"TLAXCALA"
2020-01-25,"TLA",0,0,0,0,NA,0,"TLAXCALA"
2020-01-26,"TLA",0,0,0,0,NA,0,"TLAXCALA"
2020-01-27,"TLA",0,0,0,0,NA,0,"TLAXCALA"
2020-01-28,"TLA",0,0,0,0,NA,0,"TLAXCALA"
2020-01-29,"TLA",0,0,0,0,NA,0,"TLAXCALA"
2020-01-30,"TLA",0,0,0,0,NA,0,"TLAXCALA"
2020-01-31,"TLA",0,0,0,0,NA,0,"TLAXCALA"
2020-02-01,"TLA",0,0,0,0,NA,0,"TLAXCALA"
2020-02-02,"TLA",0,0,0,0,NA,0,"TLAXCALA"
2020-02-03,"TLA",0,0,0,0,NA,0,"TLAXCALA"
2020-02-04,"TLA",0,0,0,0,NA,0,"TLAXCALA"
2020-02-05,"TLA",0,0,0,0,NA,0,"TLAXCALA"
2020-02-06,"TLA",0,0,0,0,NA,0,"TLAXCALA"
2020-02-07,"TLA",0,0,0,0,NA,0,"TLAXCALA"
2020-02-08,"TLA",0,0,0,0,NA,0,"TLAXCALA"
2020-02-09,"TLA",0,0,0,0,NA,0,"TLAXCALA"
2020-02-10,"TLA",0,0,0,0,NA,0,"TLAXCALA"
2020-02-11,"TLA",0,0,0,0,NA,0,"TLAXCALA"
2020-02-12,"TLA",0,0,0,0,NA,0,"TLAXCALA"
2020-02-13,"TLA",0,0,0,0,NA,0,"TLAXCALA"
2020-02-14,"TLA",0,0,0,0,NA,0,"TLAXCALA"
2020-02-15,"TLA",0,0,0,0,NA,0,"TLAXCALA"
2020-02-16,"TLA",0,0,0,0,NA,0,"TLAXCALA"
2020-02-17,"TLA",0,0,0,0,NA,0,"TLAXCALA"
2020-02-18,"TLA",0,0,0,0,NA,0,"TLAXCALA"
2020-02-19,"TLA",0,0,0,0,NA,0,"TLAXCALA"
2020-02-20,"TLA",0,0,0,0,NA,0,"TLAXCALA"
2020-02-21,"TLA",0,0,0,0,NA,0,"TLAXCALA"
2020-02-22,"TLA",0,0,0,0,NA,0,"TLAXCALA"
2020-02-23,"TLA",0,0,0,0,NA,0,"TLAXCALA"
2020-02-24,"TLA",0,0,0,0,NA,0,"TLAXCALA"
2020-02-25,"TLA",0,0,0,0,NA,0,"TLAXCALA"
2020-02-26,"TLA",0,0,0,0,NA,0,"TLAXCALA"
2020-02-27,"TLA",0,0,0,0,NA,0,"TLAXCALA"
2020-02-28,"TLA",0,0,0,0,NA,0,"TLAXCALA"
2020-02-29,"TLA",0,0,0,0,NA,0,"TLAXCALA"
2020-03-01,"TLA",0,0,0,0,NA,0,"TLAXCALA"
2020-03-02,"TLA",0,0,0,0,NA,0,"TLAXCALA"
2020-03-03,"TLA",0,0,0,0,NA,0,"TLAXCALA"
2020-03-04,"TLA",0,0,0,0,NA,0,"TLAXCALA"
2020-03-05,"TLA",0,0,0,0,NA,0,"TLAXCALA"
2020-03-06,"TLA",0,0,0,0,NA,0,"TLAXCALA"
2020-03-07,"TLA",0,0,0,0,NA,0,"TLAXCALA"
2020-03-08,"TLA",0,0,0,0,NA,0,"TLAXCALA"
2020-03-09,"TLA",0,0,0,0,NA,0,"TLAXCALA"
2020-03-10,"TLA",0,0,0,0,NA,0,"TLAXCALA"
2020-03-11,"TLA",0,0,0,0,NA,0,"TLAXCALA"
2020-03-12,"TLA",0,0,0,0,NA,0,"TLAXCALA"
2020-03-13,"TLA",0,0,0,0,NA,0,"TLAXCALA"
2020-03-14,"TLA",0,0,0,0,0,0,"TLAXCALA"
2020-03-15,"TLA",0,0,0,0,1,0,"TLAXCALA"
2020-03-16,"TLA",0,0,0,0,0,0,"TLAXCALA"
2020-03-17,"TLA",0,0,0,0,0,0,"TLAXCALA"
2020-03-18,"TLA",0,0,0,0,0,0,"TLAXCALA"
2020-03-19,"TLA",0,0,0,0,2,0,"TLAXCALA"
2020-03-20,"TLA",0,0,0,0,5,0,"TLAXCALA"
2020-03-21,"TLA",0,0,0,0,10,0,"TLAXCALA"
2020-03-22,"TLA",0,0,0,0,12,0,"TLAXCALA"
2020-03-23,"TLA",0,0,0,NA,6,0,"TLAXCALA"
2020-03-24,"TLA",0,0,0,NA,13,0,"TLAXCALA"
2020-03-25,"TLA",0,1,0,NA,15,1,"TLAXCALA"
2020-03-26,"TLA",0,1,0,NA,35,1,"TLAXCALA"
2020-03-27,"TLA",0,2,2,NA,46,4,"TLAXCALA"
2020-03-28,"TLA",0,2,2,NA,41,4,"TLAXCALA"
2020-03-29,"TLA",0,2,2,NA,37,4,"TLAXCALA"
2020-03-30,"TLA",0,2,2,NA,51,4,"TLAXCALA"
2020-03-31,"TLA",0,2,2,NA,64,4,"TLAXCALA"
2020-01-23,"VER",0,0,0,0,NA,0,"VERACRUZ"
2020-01-24,"VER",0,0,0,0,NA,0,"VERACRUZ"
2020-01-25,"VER",0,0,0,0,NA,0,"VERACRUZ"
2020-01-26,"VER",0,0,0,0,NA,0,"VERACRUZ"
2020-01-27,"VER",0,0,0,0,NA,0,"VERACRUZ"
2020-01-28,"VER",0,0,0,0,NA,0,"VERACRUZ"
2020-01-29,"VER",0,0,0,0,NA,0,"VERACRUZ"
2020-01-30,"VER",0,0,0,0,NA,0,"VERACRUZ"
2020-01-31,"VER",0,0,0,0,NA,0,"VERACRUZ"
2020-02-01,"VER",0,0,0,0,NA,0,"VERACRUZ"
2020-02-02,"VER",0,0,0,0,NA,0,"VERACRUZ"
2020-02-03,"VER",0,0,0,0,NA,0,"VERACRUZ"
2020-02-04,"VER",0,0,0,0,NA,0,"VERACRUZ"
2020-02-05,"VER",0,0,0,0,NA,0,"VERACRUZ"
2020-02-06,"VER",0,0,0,0,NA,0,"VERACRUZ"
2020-02-07,"VER",0,0,0,0,NA,0,"VERACRUZ"
2020-02-08,"VER",0,0,0,0,NA,0,"VERACRUZ"
2020-02-09,"VER",0,0,0,0,NA,0,"VERACRUZ"
2020-02-10,"VER",0,0,0,0,NA,0,"VERACRUZ"
2020-02-11,"VER",0,0,0,0,NA,0,"VERACRUZ"
2020-02-12,"VER",0,0,0,0,NA,0,"VERACRUZ"
2020-02-13,"VER",0,0,0,0,NA,0,"VERACRUZ"
2020-02-14,"VER",0,0,0,0,NA,0,"VERACRUZ"
2020-02-15,"VER",0,0,0,0,NA,0,"VERACRUZ"
2020-02-16,"VER",0,0,0,0,NA,0,"VERACRUZ"
2020-02-17,"VER",0,0,0,0,NA,0,"VERACRUZ"
2020-02-18,"VER",0,0,0,0,NA,0,"VERACRUZ"
2020-02-19,"VER",0,0,0,0,NA,0,"VERACRUZ"
2020-02-20,"VER",0,0,0,0,NA,0,"VERACRUZ"
2020-02-21,"VER",0,0,0,0,NA,0,"VERACRUZ"
2020-02-22,"VER",0,0,0,0,NA,0,"VERACRUZ"
2020-02-23,"VER",0,0,0,0,NA,0,"VERACRUZ"
2020-02-24,"VER",0,0,0,0,NA,0,"VERACRUZ"
2020-02-25,"VER",0,0,0,0,NA,0,"VERACRUZ"
2020-02-26,"VER",0,0,0,0,NA,0,"VERACRUZ"
2020-02-27,"VER",0,0,0,0,NA,0,"VERACRUZ"
2020-02-28,"VER",0,0,0,0,NA,0,"VERACRUZ"
2020-02-29,"VER",0,0,0,0,NA,0,"VERACRUZ"
2020-03-01,"VER",0,0,0,0,NA,0,"VERACRUZ"
2020-03-02,"VER",0,0,0,0,NA,0,"VERACRUZ"
2020-03-03,"VER",0,0,0,0,NA,0,"VERACRUZ"
2020-03-04,"VER",0,0,0,0,NA,0,"VERACRUZ"
2020-03-05,"VER",0,0,0,0,NA,0,"VERACRUZ"
2020-03-06,"VER",0,0,0,0,NA,0,"VERACRUZ"
2020-03-07,"VER",0,0,0,0,NA,0,"VERACRUZ"
2020-03-08,"VER",0,0,0,0,NA,0,"VERACRUZ"
2020-03-09,"VER",0,0,0,0,NA,0,"VERACRUZ"
2020-03-10,"VER",0,0,0,0,NA,0,"VERACRUZ"
2020-03-11,"VER",0,0,0,0,NA,0,"VERACRUZ"
2020-03-12,"VER",0,0,0,0,NA,0,"VERACRUZ"
2020-03-13,"VER",0,0,0,0,NA,0,"VERACRUZ"
2020-03-14,"VER",0,0,0,0,7,0,"VERACRUZ"
2020-03-15,"VER",0,0,0,0,8,0,"VERACRUZ"
2020-03-16,"VER",0,0,0,0,8,0,"VERACRUZ"
2020-03-17,"VER",0,0,0,0,8,0,"VERACRUZ"
2020-03-18,"VER",0,2,0,0,20,2,"VERACRUZ"
2020-03-19,"VER",0,2,0,0,25,2,"VERACRUZ"
2020-03-20,"VER",0,4,0,0,30,4,"VERACRUZ"
2020-03-21,"VER",0,6,1,0,24,7,"VERACRUZ"
2020-03-22,"VER",0,6,1,0,27,7,"VERACRUZ"
2020-03-23,"VER",0,6,1,NA,28,7,"VERACRUZ"
2020-03-24,"VER",0,6,1,NA,42,7,"VERACRUZ"
2020-03-25,"VER",0,6,1,NA,69,7,"VERACRUZ"
2020-03-26,"VER",0,6,1,NA,130,7,"VERACRUZ"
2020-03-27,"VER",0,14,3,NA,161,17,"VERACRUZ"
2020-03-28,"VER",0,15,8,NA,171,23,"VERACRUZ"
2020-03-29,"VER",0,15,9,NA,161,24,"VERACRUZ"
2020-03-30,"VER",1,15,11,NA,188,26,"VERACRUZ"
2020-03-31,"VER",1,16,11,NA,266,27,"VERACRUZ"
2020-01-23,"YUC",0,0,0,0,NA,0,"YUCATAN"
2020-01-24,"YUC",0,0,0,0,NA,0,"YUCATAN"
2020-01-25,"YUC",0,0,0,0,NA,0,"YUCATAN"
2020-01-26,"YUC",0,0,0,0,NA,0,"YUCATAN"
2020-01-27,"YUC",0,0,0,0,NA,0,"YUCATAN"
2020-01-28,"YUC",0,0,0,0,NA,0,"YUCATAN"
2020-01-29,"YUC",0,0,0,0,NA,0,"YUCATAN"
2020-01-30,"YUC",0,0,0,0,NA,0,"YUCATAN"
2020-01-31,"YUC",0,0,0,0,NA,0,"YUCATAN"
2020-02-01,"YUC",0,0,0,0,NA,0,"YUCATAN"
2020-02-02,"YUC",0,0,0,0,NA,0,"YUCATAN"
2020-02-03,"YUC",0,0,0,0,NA,0,"YUCATAN"
2020-02-04,"YUC",0,0,0,0,NA,0,"YUCATAN"
2020-02-05,"YUC",0,0,0,0,NA,0,"YUCATAN"
2020-02-06,"YUC",0,0,0,0,NA,0,"YUCATAN"
2020-02-07,"YUC",0,0,0,0,NA,0,"YUCATAN"
2020-02-08,"YUC",0,0,0,0,NA,0,"YUCATAN"
2020-02-09,"YUC",0,0,0,0,NA,0,"YUCATAN"
2020-02-10,"YUC",0,0,0,0,NA,0,"YUCATAN"
2020-02-11,"YUC",0,0,0,0,NA,0,"YUCATAN"
2020-02-12,"YUC",0,0,0,0,NA,0,"YUCATAN"
2020-02-13,"YUC",0,0,0,0,NA,0,"YUCATAN"
2020-02-14,"YUC",0,0,0,0,NA,0,"YUCATAN"
2020-02-15,"YUC",0,0,0,0,NA,0,"YUCATAN"
2020-02-16,"YUC",0,0,0,0,NA,0,"YUCATAN"
2020-02-17,"YUC",0,0,0,0,NA,0,"YUCATAN"
2020-02-18,"YUC",0,0,0,0,NA,0,"YUCATAN"
2020-02-19,"YUC",0,0,0,0,NA,0,"YUCATAN"
2020-02-20,"YUC",0,0,0,0,NA,0,"YUCATAN"
2020-02-21,"YUC",0,0,0,0,NA,0,"YUCATAN"
2020-02-22,"YUC",0,0,0,0,NA,0,"YUCATAN"
2020-02-23,"YUC",0,0,0,0,NA,0,"YUCATAN"
2020-02-24,"YUC",0,0,0,0,NA,0,"YUCATAN"
2020-02-25,"YUC",0,0,0,0,NA,0,"YUCATAN"
2020-02-26,"YUC",0,0,0,0,NA,0,"YUCATAN"
2020-02-27,"YUC",0,0,0,0,NA,0,"YUCATAN"
2020-02-28,"YUC",0,0,0,0,NA,0,"YUCATAN"
2020-02-29,"YUC",0,0,0,0,NA,0,"YUCATAN"
2020-03-01,"YUC",0,0,0,0,NA,0,"YUCATAN"
2020-03-02,"YUC",0,0,0,0,NA,0,"YUCATAN"
2020-03-03,"YUC",0,0,0,0,NA,0,"YUCATAN"
2020-03-04,"YUC",0,0,0,0,NA,0,"YUCATAN"
2020-03-05,"YUC",0,0,0,0,NA,0,"YUCATAN"
2020-03-06,"YUC",0,0,0,0,NA,0,"YUCATAN"
2020-03-07,"YUC",0,0,0,0,NA,0,"YUCATAN"
2020-03-08,"YUC",0,0,0,0,NA,0,"YUCATAN"
2020-03-09,"YUC",0,0,0,0,NA,0,"YUCATAN"
2020-03-10,"YUC",0,0,0,0,NA,0,"YUCATAN"
2020-03-11,"YUC",0,0,0,0,NA,0,"YUCATAN"
2020-03-12,"YUC",0,0,0,0,NA,0,"YUCATAN"
2020-03-13,"YUC",0,1,0,0,NA,1,"YUCATAN"
2020-03-14,"YUC",0,1,0,0,1,1,"YUCATAN"
2020-03-15,"YUC",0,1,0,0,1,1,"YUCATAN"
2020-03-16,"YUC",0,4,0,0,8,4,"YUCATAN"
2020-03-17,"YUC",0,5,0,0,4,5,"YUCATAN"
2020-03-18,"YUC",0,8,0,0,8,8,"YUCATAN"
2020-03-19,"YUC",0,11,2,0,7,13,"YUCATAN"
2020-03-20,"YUC",0,11,2,0,10,13,"YUCATAN"
2020-03-21,"YUC",0,11,3,0,11,14,"YUCATAN"
2020-03-22,"YUC",0,15,4,0,3,19,"YUCATAN"
2020-03-23,"YUC",0,15,4,NA,8,19,"YUCATAN"
2020-03-24,"YUC",0,18,6,NA,16,24,"YUCATAN"
2020-03-25,"YUC",0,22,7,NA,16,29,"YUCATAN"
2020-03-26,"YUC",0,23,9,NA,18,32,"YUCATAN"
2020-03-27,"YUC",0,23,13,NA,19,36,"YUCATAN"
2020-03-28,"YUC",0,23,15,NA,10,38,"YUCATAN"
2020-03-29,"YUC",0,23,18,NA,25,41,"YUCATAN"
2020-03-30,"YUC",0,24,22,NA,18,46,"YUCATAN"
2020-03-31,"YUC",0,24,25,NA,25,49,"YUCATAN"
2020-01-23,"ZAC",0,0,0,0,NA,0,"ZACATECAS"
2020-01-24,"ZAC",0,0,0,0,NA,0,"ZACATECAS"
2020-01-25,"ZAC",0,0,0,0,NA,0,"ZACATECAS"
2020-01-26,"ZAC",0,0,0,0,NA,0,"ZACATECAS"
2020-01-27,"ZAC",0,0,0,0,NA,0,"ZACATECAS"
2020-01-28,"ZAC",0,0,0,0,NA,0,"ZACATECAS"
2020-01-29,"ZAC",0,0,0,0,NA,0,"ZACATECAS"
2020-01-30,"ZAC",0,0,0,0,NA,0,"ZACATECAS"
2020-01-31,"ZAC",0,0,0,0,NA,0,"ZACATECAS"
2020-02-01,"ZAC",0,0,0,0,NA,0,"ZACATECAS"
2020-02-02,"ZAC",0,0,0,0,NA,0,"ZACATECAS"
2020-02-03,"ZAC",0,0,0,0,NA,0,"ZACATECAS"
2020-02-04,"ZAC",0,0,0,0,NA,0,"ZACATECAS"
2020-02-05,"ZAC",0,0,0,0,NA,0,"ZACATECAS"
2020-02-06,"ZAC",0,0,0,0,NA,0,"ZACATECAS"
2020-02-07,"ZAC",0,0,0,0,NA,0,"ZACATECAS"
2020-02-08,"ZAC",0,0,0,0,NA,0,"ZACATECAS"
2020-02-09,"ZAC",0,0,0,0,NA,0,"ZACATECAS"
2020-02-10,"ZAC",0,0,0,0,NA,0,"ZACATECAS"
2020-02-11,"ZAC",0,0,0,0,NA,0,"ZACATECAS"
2020-02-12,"ZAC",0,0,0,0,NA,0,"ZACATECAS"
2020-02-13,"ZAC",0,0,0,0,NA,0,"ZACATECAS"
2020-02-14,"ZAC",0,0,0,0,NA,0,"ZACATECAS"
2020-02-15,"ZAC",0,0,0,0,NA,0,"ZACATECAS"
2020-02-16,"ZAC",0,0,0,0,NA,0,"ZACATECAS"
2020-02-17,"ZAC",0,0,0,0,NA,0,"ZACATECAS"
2020-02-18,"ZAC",0,0,0,0,NA,0,"ZACATECAS"
2020-02-19,"ZAC",0,0,0,0,NA,0,"ZACATECAS"
2020-02-20,"ZAC",0,0,0,0,NA,0,"ZACATECAS"
2020-02-21,"ZAC",0,0,0,0,NA,0,"ZACATECAS"
2020-02-22,"ZAC",0,0,0,0,NA,0,"ZACATECAS"
2020-02-23,"ZAC",0,0,0,0,NA,0,"ZACATECAS"
2020-02-24,"ZAC",0,0,0,0,NA,0,"ZACATECAS"
2020-02-25,"ZAC",0,0,0,0,NA,0,"ZACATECAS"
2020-02-26,"ZAC",0,0,0,0,NA,0,"ZACATECAS"
2020-02-27,"ZAC",0,0,0,0,NA,0,"ZACATECAS"
2020-02-28,"ZAC",0,0,0,0,NA,0,"ZACATECAS"
2020-02-29,"ZAC",0,0,0,0,NA,0,"ZACATECAS"
2020-03-01,"ZAC",0,0,0,0,NA,0,"ZACATECAS"
2020-03-02,"ZAC",0,0,0,0,NA,0,"ZACATECAS"
2020-03-03,"ZAC",0,0,0,0,NA,0,"ZACATECAS"
2020-03-04,"ZAC",0,0,0,0,NA,0,"ZACATECAS"
2020-03-05,"ZAC",0,0,0,0,NA,0,"ZACATECAS"
2020-03-06,"ZAC",0,0,0,0,NA,0,"ZACATECAS"
2020-03-07,"ZAC",0,0,0,0,NA,0,"ZACATECAS"
2020-03-08,"ZAC",0,0,0,0,NA,0,"ZACATECAS"
2020-03-09,"ZAC",0,0,0,0,NA,0,"ZACATECAS"
2020-03-10,"ZAC",0,0,0,0,NA,0,"ZACATECAS"
2020-03-11,"ZAC",0,0,0,0,NA,0,"ZACATECAS"
2020-03-12,"ZAC",0,0,0,0,NA,0,"ZACATECAS"
2020-03-13,"ZAC",0,0,0,0,NA,0,"ZACATECAS"
2020-03-14,"ZAC",0,0,0,0,2,0,"ZACATECAS"
2020-03-15,"ZAC",0,0,0,0,0,0,"ZACATECAS"
2020-03-16,"ZAC",0,0,0,0,1,0,"ZACATECAS"
2020-03-17,"ZAC",0,0,0,0,2,0,"ZACATECAS"
2020-03-18,"ZAC",0,0,0,0,0,0,"ZACATECAS"
2020-03-19,"ZAC",0,0,0,0,4,0,"ZACATECAS"
2020-03-20,"ZAC",0,0,0,0,2,0,"ZACATECAS"
2020-03-21,"ZAC",0,0,1,0,7,1,"ZACATECAS"
2020-03-22,"ZAC",0,0,2,0,6,2,"ZACATECAS"
2020-03-23,"ZAC",0,1,2,NA,4,3,"ZACATECAS"
2020-03-24,"ZAC",0,1,2,NA,9,3,"ZACATECAS"
2020-03-25,"ZAC",0,1,2,NA,28,3,"ZACATECAS"
2020-03-26,"ZAC",0,1,3,NA,32,4,"ZACATECAS"
2020-03-27,"ZAC",0,1,3,NA,60,4,"ZACATECAS"
2020-03-28,"ZAC",0,1,3,NA,60,4,"ZACATECAS"
2020-03-29,"ZAC",0,1,4,NA,53,5,"ZACATECAS"
2020-03-30,"ZAC",0,2,4,NA,34,6,"ZACATECAS"
2020-03-31,"ZAC",0,2,4,NA,26,6,"ZACATECAS"
